49ers,Juszczyk,Kyle,FB,91
49ers,Bowman,NaVorro,MLB,88
49ers,Garcon,Pierre,WR,85
49ers,Dumervil,Elvis,RE,83
49ers,Hyde,Carlos,HB,83
49ers,Staley,Joe,LT,82
49ers,Hightower,Tim,HB,80
49ers,Ward,Jimmie,FS,80
49ers,Buckner,DeForest,LE,79
49ers,Thomas,Solomon,DT,79
49ers,Reid,Eric,SS,78
49ers,Carradine,Tank,LE,77
49ers,Foster,Reuben,ROLB,77
49ers,Kerley,Jeremy,WR,77
49ers,McDonald,Vance,TE,77
49ers,Dial,Quinton,DT,76
49ers,Gould,Robbie,K,76
49ers,Lynch,Aaron,RE,76
49ers,Robinson,Rashard,CB,76
49ers,Armstead,Arik,RE,75
49ers,Armstrong,Ray-Ray,ROLB,75
49ers,Brooks,Ahmad,LOLB,75
49ers,Brown,Trent,RT,75
49ers,Hoyer,Brian,QB,75
49ers,Smith,Malcolm,ROLB,75
49ers,Douzable,Leger,DT,74
49ers,Williams,K'Waun,CB,74
49ers,Goodwin,Marquise,WR,73
49ers,Pinion,Bradley,P,73
49ers,Barkley,Matt,QB,72
49ers,Beathard,C.J.,QB,72
49ers,Kittle,George,TE,72
49ers,Mitchell,Earl,DT,72
49ers,Robinson,Aldrick,WR,72
49ers,Tartt,Jaquiski,SS,72
49ers,Williams,Joe,HB,72
49ers,Barnes,Tim,C,71
49ers,Gilliam,Garry,RT,71
49ers,Kilgore,Daniel,C,71
49ers,Murphy,Louis,WR,71
49ers,Porter,Sean,ROLB,71
49ers,Reaser,Keith,CB,71
49ers,Witherspoon,Ahkello,CB,71
49ers,Beadles,Zane,LG,70
49ers,Celek,Garrett,TE,70
49ers,Davis,Will,CB,70
49ers,Fusco,Brandon,LG,70
49ers,Paulsen,Logan,TE,70
49ers,Taylor,Trent,WR,70
49ers,Garnett,Joshua,RG,69
49ers,Harold,Eli,LOLB,69
49ers,Johnson,Dontae,CB,69
49ers,Jones,Don,FS,69
49ers,Bibbs,Kapri,HB,68
49ers,Coyle,Brock,MLB,68
49ers,Jackson,Asa,CB,68
49ers,Blair III,Ronald,LE,67
49ers,Burbridge,Aaron,WR,67
49ers,Hikutini,Cole,TE,67
49ers,Redmond,Will,CB,67
49ers,Watson,Dekoda,LOLB,66
49ers,Bell,Blake,TE,65
49ers,Smelter,DeAndre,WR,65
49ers,Jones,D.J.,DT,64
49ers,Sunseri,Vinnie,FS,64
49ers,Theus,John,RT,64
49ers,Jerome,Lorenzo,FS,63
49ers,Taumoepenu,Pita,ROLB,63
49ers,Iworah,Prince,CB,62
49ers,Nwachukwu,Noble,RE,62
49ers,Bolden Jr,Victor,WR,61
49ers,Colbert,Adrian,SS,60
49ers,Mostert,Raheem,HB,60
49ers,Nelson,Kyle,TE,44
Bears,Sitton,Josh,RG,89
Bears,Freeman,Jerrell,MLB,88
Bears,Miller,Zach,TE,86
Bears,Whitehair,Cody,C,86
Bears,Howard,Jordan,HB,85
Bears,McPhee,Pernell,LOLB,84
Bears,Trevathan,Danny,MLB,84
Bears,Hicks,Akiem,LE,83
Bears,Meredith,Cameron,WR,83
Bears,Amukamara,Prince,CB,81
Bears,Goldman,Eddie,DT,81
Bears,Long,Kyle,LG,81
Bears,Amos,Adrian,FS,80
Bears,Demps,Quintin,SS,80
Bears,Fuller,Kyle,CB,80
Bears,Houston,Lamarr,ROLB,80
Bears,O'Donnell,Pat,P,79
Bears,Young,Willie,ROLB,79
Bears,Sims,Dion,TE,78
Bears,Cruz,Victor,WR,77
Bears,Floyd,Leonard,LOLB,77
Bears,Trubisky,Mitchell,QB,77
Bears,Wright,Kendall,WR,77
Bears,Callahan,Bryce,CB,76
Bears,Howard,Jaye,RE,76
Bears,Barth,Connor,K,75
Bears,Kwiatkoski,Nick,MLB,75
Bears,Shaheen,Adam,TE,75
Bears,Wheaton,Markus,WR,75
Bears,Acho,Sam,ROLB,74
Bears,Cunningham Jr,Benny,HB,74
Bears,Glennon,Mike,QB,74
Bears,Langford,Jeremy,HB,74
Bears,Skuta,Dan,LOLB,74
Bears,Aguayo,Roberto,K,73
Bears,Cooper,Marcus,CB,73
Bears,Jones,Christian,LOLB,73
Bears,Leno Jr,Charles,LT,73
Bears,Massie,Bobby,RT,73
Bears,Stevenson,Freddie,FB,73
Bears,Carey,Ka'Deem,HB,72
Bears,Cohen,Tarik,HB,72
Bears,Compton,Tom,RG,72
Bears,Jones-Quartey,Harold,SS,72
Bears,White,Kevin,WR,72
Bears,Jackson,Eddie,SS,71
Bears,LeBlanc,Cre'Von,CB,71
Bears,Pruitt,MyCole,TE,71
Bears,Randle,Rueben,WR,71
Bears,Unrein,Mitch,RE,71
Bears,Webb,B.W.,CB,71
Bears,Wilson,C.J.,DT,71
Bears,Bellamy,Josh,WR,70
Bears,Morgan,Jordan,RT,70
Bears,Prosinski,Chris,FS,70
Bears,Bullard,Jonathan,RE,69
Bears,Grasu,Hroniss,C,69
Bears,Kush,Eric,C,69
Bears,Thompson,Deonte,WR,69
Bears,Banks,Johnthan,CB,67
Bears,Sanchez,Mark,QB,67
Bears,Sowell,Bradley,LT,67
Bears,Anderson,Jonathan,MLB,66
Bears,Bush,Deon,SS,66
Bears,Houston-Carson,DeAndre,FS,66
Bears,Braverman,Daniel,WR,65
Bears,Hall,Deiondre',CB,65
Bears,Jenkins,John,LE,65
Bears,Timu,John,MLB,65
Bears,Richardson,Cyril,LG,63
Bears,Lewis-Moore,Kapron,LE,61
Bears,Robertson-Harris,Roy,LOLB,60
Bears,Shaw,Connor,QB,57
Bears,Scales,Patrick,TE,41
Bengals,Green,A.J.,WR,94
Bengals,Atkins,Geno,DT,91
Bengals,Eifert,Tyler,TE,91
Bengals,Burfict,Vontaze,ROLB,87
Bengals,Bernard,Giovani,HB,86
Bengals,Dunlap,Carlos,LE,86
Bengals,Dalton,Andy,QB,84
Bengals,Hill,Jeremy,HB,82
Bengals,LaFell,Brandon,WR,82
Bengals,Jones,Adam,CB,81
Bengals,Rey,Vincent,MLB,80
Bengals,Williams,Shawn,SS,80
Bengals,Mixon,Joe,HB,79
Bengals,Bodine,Russell,C,78
Bengals,Hewitt,Ryan,FB,78
Bengals,Kirkpatrick,Dre,CB,78
Bengals,Minter,Kevin,MLB,78
Bengals,Boling,Clint,LG,77
Bengals,Ross,John,WR,77
Bengals,Johnson,Michael,RE,76
Bengals,Willis,Jordan,RE,76
Bengals,Elliott,Jake,K,75
Bengals,Iloka,George,FS,75
Bengals,Boyd,Tyler,WR,74
Bengals,Bullock,Randy,K,74
Bengals,Smith,Andre,RG,74
Bengals,Dennard,Darqueze,CB,73
Bengals,Jackson III,William,CB,73
Bengals,McCarron,A.J.,QB,73
Bengals,Fisher,Jake,RT,72
Bengals,Huber,Kevin,P,72
Bengals,Shaw,Josh,CB,72
Bengals,Sims,Pat,DT,72
Bengals,Winston,Eric,RT,72
Bengals,Dawson,P.J.,ROLB,71
Bengals,Peerman,Cedric,HB,71
Bengals,Clarke,Will,RE,70
Bengals,Gilberry,Wallace,RE,70
Bengals,Benwikere,Bene',CB,69
Bengals,Kroft,Tyler,TE,69
Bengals,Ogbuehi,Cedric,LT,69
Bengals,Russell,KeiVarae,CB,69
Bengals,Uzomah,C.J.,TE,69
Bengals,Billings,Andrew,DT,68
Bengals,Core,Cody,WR,68
Bengals,Glasgow,Ryan,DT,68
Bengals,Malone,Josh,WR,68
Bengals,Schreck,Mason,TE,68
Bengals,Carter,Cethan,TE,67
Bengals,Johnson,T.J.,C,67
Bengals,Smith,Chris,LE,67
Bengals,Thompson,Brandon,DT,67
Bengals,Vigil,Nick,ROLB,67
Bengals,Dielman,J.J.,C,66
Bengals,Hopkins,Trey,LG,66
Bengals,Lawson,Carl,LOLB,66
Bengals,Westerman,Christian,RG,66
Bengals,Driskel,Jeff,QB,65
Bengals,Smith,Derron,FS,65
Bengals,Wilson,Brandon,HB,64
Bengals,Fejedelem,Clayton,SS,63
Bengals,Flowers,Marquis,LOLB,63
Bengals,Nickerson,Hardy,MLB,62
Bengals,Russell,Alonzo,WR,62
Bengals,Brown,Chris,WR,61
Bengals,Erickson,Alex,WR,61
Bengals,Evans,Jordan,MLB,61
Bengals,Williams,DeShawn,DT,61
Bengals,Albright,Bryson,LOLB,60
Bengals,Dean,David,DT,60
Bengals,Hardison,Marcus,DT,60
Bengals,Brown,Ryan,LE,59
Bengals,Redmond,Alex,RG,58
Bengals,Harris,Clark,TE,56
Bills,McCoy,LeSean,HB,92
Bills,Incognito,Richie,LG,88
Bills,Williams,Kyle,DT,87
Bills,Clay,Charles,TE,86
Bills,Dareus,Marcell,DT,85
Bills,Alexander,Lorenzo,ROLB,84
Bills,DiMarco,Patrick,FB,84
Bills,Glenn,Cordy,LT,84
Bills,Boldin,Anquan,WR,82
Bills,Taylor,Tyrod,QB,82
Bills,Hughes,Jerry,RE,81
Bills,Matthews,Jordan,WR,81
Bills,Hodges Jr,Gerald,LOLB,79
Bills,Hyde,Micah,FS,78
Bills,White,Tre'Davious,CB,78
Bills,Brown,Philly,WR,77
Bills,Tolbert,Mike,FB,77
Bills,Dawkins,Dion,RT,76
Bills,Hauschka,Steven,K,76
Bills,Holmes,Andre,WR,76
Bills,Lawson,Shaq,LE,76
Bills,Miller,John,RG,76
Bills,O'Leary,Nick,TE,76
Bills,Wright,Shareece,CB,75
Bills,Brown,Preston,MLB,74
Bills,Gaines,E.J.,CB,74
Bills,Jones,Zay,WR,74
Bills,Ragland,Reggie,MLB,73
Bills,Schmidt,Colton,P,73
Bills,Wood,Eric,C,73
Bills,Bradford,Carl,ROLB,72
Bills,Ducasse,Vladimir,RG,72
Bills,Groy,Ryan,LG,72
Bills,Jones,Taiwan,HB,72
Bills,Mills,Jordan,RT,72
Bills,Peterman,Nathan,QB,72
Bills,Davis,Ryan,RE,71
Bills,Henderson,Seantrel,RT,71
Bills,Johnson,Leonard,CB,71
Bills,Rambo,Bacarri,FS,71
Bills,Streater,Rod,WR,71
Bills,Washington,Adolphus,DT,71
Bills,Worthy,Jerel,DT,70
Bills,Anderson,Colt,FS,69
Bills,Banyard,Joe,HB,69
Bills,Humber,Ramon,LOLB,69
Bills,Tate,Brandon,WR,69
Bills,Rolle,Jumal,CB,68
Bills,Towbridge,Keith,TE,68
Bills,Barrington,Sam,MLB,67
Bills,Ola,Michael,RG,67
Bills,Poyer,Jordan,SS,67
Bills,Yates,T.J.,QB,67
Bills,Croom,Jason,TE,66
Bills,Powell,Walter,WR,66
Bills,Ross,Rashad,WR,66
Bills,Seymour,Kevon,CB,66
Bills,Coleman,Deandre,DT,65
Bills,Lewis,Dezmin,WR,65
Bills,Milano,Matt,MLB,65
Bills,Johnson,Jordan,HB,64
Bills,Williams,Jonathan,HB,64
Bills,Shorts,Daikiel,WR,63
Bills,Vallejo,Tanner,LOLB,63
Bills,Valles,Max,LE,63
Bills,Yarbrough,Eddie,LE,63
Bills,Elston,Trae,FS,62
Bills,Saxton,Wes,TE,62
Bills,Gary,Shamiel,SS,61
Bills,Lewis,Marquavius,RE,61
Bills,Pyke,Greg,RG,61
Bills,Seau,Ian,ROLB,61
Bills,Barton,Karim,LG,60
Bills,Thomas,Logan,TE,60
Broncos,Miller,Von,LOLB,99
Broncos,Harris Jr,Chris,CB,94
Broncos,Talib,Aqib,CB,94
Broncos,Sanders,Emmanuel,WR,89
Broncos,Paradis,Matt,C,88
Broncos,Thomas,Demaryius,WR,87
Broncos,Marshall,Brandon,MLB,86
Broncos,Anderson,C.J.,HB,85
Broncos,Charles,Jamaal,HB,84
Broncos,Leary,Ronald,LG,83
Broncos,Stewart,Darian,FS,83
Broncos,Janovich,Andy,FB,82
Broncos,Barbre,Allen,RT,81
Broncos,Barrett,Shaquil,LOLB,81
Broncos,Green,Virgil,TE,81
Broncos,Ward,T.J.,SS,81
Broncos,Wolfe,Derek,LE,81
Broncos,McManus,Brandon,K,80
Broncos,Ray,Shane,ROLB,79
Broncos,Bolles,Garett,LT,77
Broncos,Roby,Bradley,CB,77
Broncos,Davis,Todd,MLB,76
Broncos,Henderson,Carlos,WR,76
Broncos,Siemian,Trevor,QB,76
Broncos,Butt,Jake,TE,74
Broncos,Dixon,Riley,P,74
Broncos,Garcia,Max,RG,74
Broncos,Heuerman,Jeff,TE,74
Broncos,Peko,Domata,DT,74
Broncos,Booker,Devontae,HB,73
Broncos,Derby,A.J.,TE,73
Broncos,Watson,Menelik,RT,73
Broncos,Lynch,Paxton,QB,72
Broncos,Schofield,Michael,RG,72
Broncos,Simmons,Justin,FS,72
Broncos,Brown,Marlon,WR,71
Broncos,Crick,Jared,RE,71
Broncos,Fowler III,Bennie,WR,71
Broncos,Kerr,Zach,LE,71
Broncos,Doss,Lorenzo,CB,70
Broncos,Sambrailo,Ty,RT,70
Broncos,Walker,DeMarcus,LE,70
Broncos,Parks,Will,SS,69
Broncos,Pierce,Bernard,HB,69
Broncos,Ridley,Stevan,HB,69
Broncos,Thompson,Juwan,HB,69
Broncos,Henderson,De'Angelo,HB,68
Broncos,Kelly,Chad,QB,68
Broncos,Langley,Brendan,CB,68
Broncos,Latimer,Cody,WR,68
Broncos,Lewis-Harris,Chris,CB,68
Broncos,Turner,Billy,RG,68
Broncos,Winn,Billy,LE,68
Broncos,McKenzie,Isaiah,WR,67
Broncos,Stephenson,Donald,LT,67
Broncos,Gotsis,Adam,RE,66
Broncos,Harris,Shelby,RE,66
Broncos,McGovern,Connor,LG,66
Broncos,Nelson,Corey,MLB,66
Broncos,Taylor,Jordan,WR,65
Broncos,Peko,Kyle,DT,64
Broncos,Raymond,Kalif,WR,64
Broncos,Edebali,Kasim,ROLB,63
Broncos,Stewart,Orion,SS,63
Broncos,Traylor,Austin,TE,63
Broncos,Carter,Jamal,FS,62
Broncos,Murray,Justin,LT,62
Broncos,Anderson,Zaire,MLB,60
Broncos,Dora,Vontarrius,ROLB,58
Broncos,Gause,Quentin,ROLB,57
Broncos,Kreiter,Casey,TE,41
Browns,Thomas,Joe,LT,92
Browns,Zeitler,Kevin,RG,88
Browns,Collins Sr,Jamie,LOLB,85
Browns,Bitonio,Joel,LG,84
Browns,Tretter,J.C.,C,84
Browns,Garrett,Myles,RE,83
Browns,Britt,Kenny,WR,82
Browns,Crowell,Isaiah,HB,82
Browns,Greco,John,RG,82
Browns,Kirksey,Christian,MLB,82
Browns,Shelton,Danny,DT,82
Browns,Haden,Joe,CB,81
Browns,McCourty,Jason,CB,81
Browns,Taylor,Jamar,CB,81
Browns,Johnson Jr,Duke,HB,80
Browns,Bryant,Desmond,DT,79
Browns,Coleman,Corey,WR,78
Browns,Gordon,Josh,WR,78
Browns,Njoku,David,TE,78
Browns,Colquitt,Britton,P,76
Browns,Peppers,Jabrill,SS,76
Browns,Kessler,Cody,QB,75
Browns,Kizer,DeShone,QB,75
Browns,Osweiler,Brock,QB,75
Browns,Ogbah,Emmanuel,LE,74
Browns,Parkey,Cody,K,74
Browns,Gonzalez,Zane,K,73
Browns,Drango,Spencer,LG,72
Browns,Meder,Jamie,DT,72
Browns,Pryor III,Calvin,FS,72
Browns,Boddy-Calhoun,Briean,CB,71
Browns,Erving,Cameron,RT,71
Browns,Johnson,Cam,RE,71
Browns,McCants,Matthew,LT,71
Browns,Nassib,Carl,RE,71
Browns,Brantley,Caleb,DT,70
Browns,Cooper,Xavier,DT,70
Browns,Johnson,Rod,LT,70
Browns,Vitale,Danny,FB,70
Browns,Burley,Marcus,CB,69
Browns,Campbell,Ibraheim,SS,69
Browns,Holmes,Tyrone,LE,69
Browns,Kindred,Derrick,SS,69
Browns,Ogunjobi,Larry,DT,69
Browns,Orchard,Nate,LE,69
Browns,Schobert,Joe,ROLB,69
Browns,Wilson,Howard,CB,69
Browns,Coleman,Shon,RT,68
Browns,DeValve,Seth,TE,68
Browns,Martin,Marcus,C,68
Browns,Reynolds II,Ed,FS,68
Browns,Hogan,Kevin,QB,66
Browns,Louis,Ricardo,WR,66
Browns,Sterup,Zach,LT,66
Browns,Carder,Tank,MLB,65
Browns,Higgins,Rashard,WR,65
Browns,Ikard,Gabe,C,65
Browns,Telfer,Randall,TE,65
Browns,Wilds,Brandon,HB,65
Browns,Boyce,Josh,WR,64
Browns,Fabiano,Anthony,C,64
Browns,Magee,Terrence,HB,64
Browns,Payton,Jordan,WR,64
Browns,Dayes,Matthew,HB,63
Browns,Hall,Rannell,WR,62
Browns,Stribling,Channing,CB,62
Browns,Alexander,Dominique,ROLB,61
Browns,Caldwell,Trey,FS,61
Browns,Hillary,Darius,CB,61
Browns,Alford,Mario,WR,60
Browns,Burgess,James,LOLB,60
Browns,Hughlett,Charley,TE,51
Buccaneers,Evans,Mike,WR,90
Buccaneers,McCoy,Gerald,DT,90
Buccaneers,Grimes,Brent,CB,88
Buccaneers,Jackson,DeSean,WR,87
Buccaneers,Anger,Bryan,P,85
Buccaneers,Baker,Chris,DT,84
Buccaneers,David,Lavonte,ROLB,84
Buccaneers,Marpet,Ali,C,84
Buccaneers,Brate,Cameron,TE,83
Buccaneers,Martin,Doug,HB,83
Buccaneers,Howard,O.J.,TE,82
Buccaneers,Sims III,Charles,HB,82
Buccaneers,Wilcox,J.J.,SS,81
Buccaneers,Winston,Jameis,QB,81
Buccaneers,Alexander,Kwon,MLB,80
Buccaneers,Ayers Jr,Robert,RE,80
Buccaneers,Dotson,Demar,RT,80
Buccaneers,Folk,Nick,K,78
Buccaneers,Rodgers,Jacquizz,HB,78
Buccaneers,Sweezy,J.R.,RG,77
Buccaneers,Gholston,William,LE,76
Buccaneers,Humphries,Adam,WR,76
Buccaneers,Tandy,Keith,SS,76
Buccaneers,Godwin,Chris,WR,75
Buccaneers,Hargreaves III,Vernon,CB,75
Buccaneers,McDonald,Clinton,DT,75
Buccaneers,Spence,Noah,RE,75
Buccaneers,Hawley,Joe,C,74
Buccaneers,Evans,Justin,FS,73
Buccaneers,Smith,Evan,LG,73
Buccaneers,Adjei-Barimah,Jude,CB,72
Buccaneers,Robinson,Josh,CB,72
Buccaneers,Smith,Donovan,LT,72
Buccaneers,Smith,Jacquies,LE,72
Buccaneers,Conte,Chris,SS,71
Buccaneers,Huff,Josh,WR,71
Buccaneers,Johnson,George,LE,71
Buccaneers,McNichols,Jeremy,HB,71
Buccaneers,Riggs,Cody,CB,71
Buccaneers,Stone,James,C,71
Buccaneers,Pamphile,Kevin,LG,70
Buccaneers,Siliga,Sealver,DT,70
Buccaneers,Beckwith,Kendell,MLB,69
Buccaneers,Fitzpatrick,Ryan,QB,69
Buccaneers,Hocker,Zach,K,69
Buccaneers,McClain,Robert,CB,69
Buccaneers,Cross,Alan,FB,68
Buccaneers,Elliott,Javien,CB,68
Buccaneers,Johnson,Austin,FB,68
Buccaneers,Stocker,Luke,TE,68
Buccaneers,Tu'Ikolovatu,Stevie,DT,67
Buccaneers,Benenoch,Caleb,RG,66
Buccaneers,Harrison,Jarvis,RG,66
Buccaneers,Smith,Ryan,CB,66
Buccaneers,Glanton,Adarius,ROLB,65
Buccaneers,Liedtke,Mike,LG,65
Buccaneers,Russell,Ryan,RE,65
Buccaneers,Dye Jr,Donteea,WR,64
Buccaneers,Lambert,DaVonte,DT,64
Buccaneers,Wester,Leonard,LT,63
Buccaneers,Bond,Devante,ROLB,62
Buccaneers,Lynch,Cameron,LOLB,62
Buccaneers,Martino,Freddie,WR,62
Buccaneers,Wilson Jr,Bobo,WR,62
Buccaneers,Allen,Josh,C,61
Buccaneers,Barber,Peyton,HB,61
Buccaneers,Barnes,Tavaris,ROLB,61
Buccaneers,Bullough,Riley,MLB,61
Buccaneers,Griffin,Ryan,QB,61
Buccaneers,Bailey,Sterling,RE,60
Buccaneers,Reedy,Bernard,WR,60
Buccaneers,Ward,Channing,LE,60
Buccaneers,Sanborn,Garrison,C,54
Buccaneers,Sims,Blake,HB,54
Cardinals,Johnson,David,HB,94
Cardinals,Peterson,Patrick,CB,91
Cardinals,Fitzgerald,Larry,WR,90
Cardinals,Jones,Chandler,ROLB,88
Cardinals,Mathieu,Tyrann,FS,87
Cardinals,Brown,John,WR,84
Cardinals,Veldheer,Jared,RT,84
Cardinals,Palmer,Carson,QB,83
Cardinals,Golden,Markus,LOLB,82
Cardinals,Bucannon,Deone,MLB,80
Cardinals,Dawson,Phil,K,80
Cardinals,Shipley,A.Q.,C,80
Cardinals,Branch,Tyvon,SS,77
Cardinals,Gresham,Jermaine,TE,77
Cardinals,Iupati,Mike,LG,77
Cardinals,Johnson,Chris,HB,77
Cardinals,Dansby,Karlos,MLB,76
Cardinals,Jones,Jarvis,ROLB,76
Cardinals,Nkemdiche,Robert,LE,76
Cardinals,Bethea,Antoine,SS,75
Cardinals,Baker,Budda,FS,74
Cardinals,Brown,Jaron,WR,74
Cardinals,Bynes,Josh,LOLB,74
Cardinals,Niklas,Troy,TE,74
Cardinals,Peters,Corey,DT,74
Cardinals,Williams Sr,Tramon,CB,74
Cardinals,Nelson,J.J.,WR,73
Cardinals,Reddick,Haason,MLB,73
Cardinals,Wheeler,Philip,ROLB,73
Cardinals,Williams,Kerwynn,HB,73
Cardinals,Bethel,Justin,CB,72
Cardinals,Ellington,Andre,WR,72
Cardinals,Gabbert,Blaine,QB,72
Cardinals,Rucker,Frostee,RE,72
Cardinals,Williams,Chad,WR,72
Cardinals,Dobson,Aaron,WR,71
Cardinals,Humphries,D.J.,LT,71
Cardinals,Johnson,Dorian,RG,71
Cardinals,Wile,Matt,P,70
Cardinals,John,Ulrick,RT,69
Cardinals,Logan,T.J.,HB,69
Cardinals,Williams,Brandon,CB,69
Cardinals,Wright III,Scooby,MLB,69
Cardinals,Bergstrom,Tony,C,68
Cardinals,Boehm,Evan,RG,68
Cardinals,Holden,Will,LT,68
Cardinals,Wetzel,John,RT,68
Cardinals,Ford,Rudy,SS,67
Cardinals,Johnson,Kaleb,RG,67
Cardinals,Ross,Jeremy,WR,67
Cardinals,Mauro,Josh,RE,66
Cardinals,Miller,Harlan,CB,66
Cardinals,Momah,Ifeanyi,TE,66
Cardinals,Stanton,Drew,QB,66
Cardinals,Toner,Cole,LG,66
Cardinals,Gooden,Zaviar,MLB,65
Cardinals,Gunter,Rodney,RE,65
Cardinals,Seals-Jones,Ricky,TE,64
Cardinals,Christian,Gerald,TE,63
Cardinals,Fua,Alani,LOLB,63
Cardinals,Golden,Brittan,WR,63
Cardinals,Martin,Kareem,LOLB,63
Cardinals,Munyer,Daniel,LG,63
Cardinals,Valles,Hakeem,TE,63
Cardinals,Bundy,Marquis,WR,62
Cardinals,Stinson,Ed,LE,62
Cardinals,Hogan,Krishawn,WR,61
Cardinals,Hubert,Chris,WR,60
Cardinals,Moala,David,DT,60
Cardinals,Price,Givens,RT,60
Cardinals,Williams,Xavier,DT,60
Cardinals,Pierre,Olsen,DT,59
Cardinals,Brewer,Aaron,TE,45
Chargers,Allen,Keenan,WR,89
Chargers,Ingram,Melvin,RE,89
Chargers,Bosa,Joey,LE,88
Chargers,Gates,Antonio,TE,87
Chargers,Gordon,Melvin,HB,87
Chargers,Hayward,Casey,CB,86
Chargers,Verrett,Jason,CB,86
Chargers,Rivers,Philip,QB,84
Chargers,Addae,Jahleel,SS,83
Chargers,Henry,Hunter,TE,82
Chargers,Mebane,Brandon,DT,82
Chargers,Lowery,Dwight,FS,81
Chargers,Attaochu,Jeremiah,ROLB,80
Chargers,Benjamin,Travis,WR,80
Chargers,Brown,Jatavis,LOLB,80
Chargers,Liuget,Corey,DT,80
Chargers,Slauson,Matt,LG,80
Chargers,Williams,Tyrell,WR,80
Chargers,Boston,Tre,FS,79
Chargers,Oliver,Branden,HB,79
Chargers,Williams,Mike,WR,79
Chargers,Lamp,Forrest,RG,78
Chargers,Feeney,Dan,RG,76
Chargers,Inman,Dontrelle,WR,76
Chargers,Lambo,Josh,K,76
Chargers,Perryman,Denzel,MLB,76
Chargers,Toomer,Korey,MLB,75
Chargers,Emanuel,Kyle,LOLB,74
Chargers,Okung,Russell,LT,73
Chargers,Barksdale,Joe,RT,72
Chargers,Cumberland,Jeff,TE,72
Chargers,Kaser,Drew,P,72
Chargers,Mager,Craig,CB,72
Chargers,Hairston,Chris,RT,71
Chargers,Jenkins,Rayshawn,FS,70
Chargers,Barner,Kenjon,HB,69
Chargers,McCain,Chris,LOLB,69
Chargers,Square,Damion,DT,69
Chargers,Williams,Andre,HB,69
Chargers,Carrethers,Ryan,DT,68
Chargers,Palepoi,Tenny,RE,68
Chargers,Perry,Joshua,ROLB,68
Chargers,Reid,Caraun,LE,68
Chargers,Rochell,Isaac,DT,68
Chargers,Clemens,Kellen,QB,67
Chargers,Cleveland,Asante,TE,67
Chargers,King,Desmond,SS,67
Chargers,McCoil,Dexter,FS,67
Chargers,McGrath,Sean,TE,67
Chargers,Phillips,Adrian,FS,67
Chargers,Tuerk,Max,C,67
Chargers,Jones,Cardale,QB,66
Chargers,Philon,Darius,LE,66
Chargers,Reed,Trovon,CB,66
Chargers,Tevi,Sam,RT,66
Chargers,Wiggins,Kenny,LG,66
Chargers,Williams,Trevor,CB,66
Chargers,Evans,Randall,CB,65
Chargers,Davis,Geremy,WR,64
Chargers,Eulls,Kaleb,DT,64
Chargers,Scott,Artavis,WR,64
Chargers,Clark,Donavon,LG,63
Chargers,Pulley,Spencer,C,63
Chargers,Burwell,Tyreek,LT,62
Chargers,Dzubnar,Nick,MLB,62
Chargers,Bercovici,Mike,QB,61
Chargers,Burse,Isaiah,WR,61
Chargers,Jones,Jamaal,WR,61
Chargers,Watt,Derek,FB,61
Chargers,Brown,Da'Ron,WR,57
Chargers,Farrow,Kenneth,HB,57
Chargers,Landrum,Chris,ROLB,57
Chargers,Windt,Mike,TE,47
Chiefs,Berry,Eric,SS,94
Chiefs,Kelce,Travis,TE,94
Chiefs,Houston,Justin,LOLB,93
Chiefs,Peters,Marcus,CB,88
Chiefs,Parker,Ron,FS,85
Chiefs,Jones,Chris,RE,84
Chiefs,Hill,Tyreek,WR,83
Chiefs,Johnson,Derrick,MLB,83
Chiefs,Hali,Tamba,ROLB,82
Chiefs,Ware,Spencer,HB,82
Chiefs,Colquitt,Dustin,P,81
Chiefs,Schwartz,Mitchell,RT,81
Chiefs,Smith,Alex,QB,81
Chiefs,Morse,Mitch,C,80
Chiefs,Mitchell,Terrance,CB,79
Chiefs,Santos,Cairo,K,79
Chiefs,Wilson,Ramik,MLB,79
Chiefs,Duvernay-Tardif,Laurent,RG,78
Chiefs,Ford,Dee,ROLB,78
Chiefs,Logan,Bennie,DT,78
Chiefs,Bailey,Allen,RE,77
Chiefs,Miller III,Roy,DT,77
Chiefs,Conley,Chris,WR,76
Chiefs,Fisher,Eric,LT,76
Chiefs,Mahomes II,Patrick,QB,76
Chiefs,Spiller,C.J.,HB,76
Chiefs,West,Charcandrick,HB,76
Chiefs,Hunt,Kareem,HB,75
Chiefs,Sorensen,Daniel,SS,75
Chiefs,Tiller,Andrew,RG,75
Chiefs,Escobar,Gavin,TE,74
Chiefs,Fulton,Zach,C,74
Chiefs,Nelson,Steven,CB,74
Chiefs,Wilson,Albert,WR,74
Chiefs,Mauga,Josh,MLB,73
Chiefs,Reid,Jah,RT,73
Chiefs,Thomas,Cam,DT,73
Chiefs,Charles,Orson,TE,72
Chiefs,March-Lillard,Justin,MLB,72
Chiefs,Gaines,Phillip,CB,71
Chiefs,Harris,Demetrius,TE,70
Chiefs,Murray,Eric,FS,70
Chiefs,Pierre-Louis,Kevin,ROLB,70
Chiefs,Sherman,Anthony,FB,70
Chiefs,Terrell,Steven,FS,70
Chiefs,Ehinger,Parker,LG,69
Chiefs,Kpassagnon,Tanoh,LE,69
Chiefs,Person,Mike,LG,69
Chiefs,Thomas,De'Anthony,WR,69
Chiefs,Zombo,Frank,LOLB,69
Chiefs,Chesson,Jehu,WR,68
Chiefs,Jenkins,Jarvis,RE,68
Chiefs,Acker,Kenneth,CB,67
Chiefs,Battle,Isaiah,RT,67
Chiefs,Nicolas,Dadi,LOLB,67
Chiefs,Witzmann,Bryan,LT,66
Chiefs,Hughes,Montori,DT,65
Chiefs,Nunez-Roches,Rakeem,LE,65
Chiefs,Robinson,Demarcus,WR,65
Chiefs,Bausby,DeVante,CB,64
Chiefs,Devey,Jordan,LT,64
Chiefs,King,David,LE,64
Chiefs,Rush,Marcus,ROLB,63
Chiefs,White,D.J.,CB,63
Chiefs,Eligwe,Ukeme,MLB,62
Chiefs,Stave,Joel,QB,62
Chiefs,Jones,Seantavius,WR,61
Chiefs,McQuay III,Leon,SS,61
Chiefs,Bray,Tyler,QB,60
Chiefs,Hawkins,Donald,RG,60
Chiefs,Smith,Terrance,MLB,60
Chiefs,Cheek,Joseph,LG,58
Chiefs,Travis,Ross,TE,58
Chiefs,Winchester,James,TE,43
Colts,Luck,Andrew,QB,90
Colts,Hilton,T.Y.,WR,88
Colts,Davis,Vontae,CB,86
Colts,Vinatieri,Adam,K,84
Colts,Castonzo,Anthony,LT,83
Colts,Gore,Frank,HB,83
Colts,Mewhort,Jack,LG,82
Colts,Geathers,Clayton,SS,81
Colts,Moncrief,Donte,WR,80
Colts,Butler,Darius,FS,79
Colts,Doyle,Jack,TE,79
Colts,Kelly,Ryan,C,79
Colts,Sheard,Jabaal,LOLB,79
Colts,Simon,John,ROLB,79
Colts,Aiken,Kamar,WR,78
Colts,Mingo,Barkevious,ROLB,78
Colts,Anderson,Henry,LE,76
Colts,Ayers,Akeem,ROLB,76
Colts,Hankins,Johnathan,DT,76
Colts,Hooker,Malik,FS,76
Colts,Turbin,Robert,HB,76
Colts,Locke,Jeff,P,75
Colts,Michael,Christine,HB,75
Colts,Schwenke,Brian,RG,74
Colts,Wilson,Quincy,CB,74
Colts,Woods,Al,DT,74
Colts,Dorsett,Phillip,WR,73
Colts,McGill,T.Y.,DT,73
Colts,Spence,Sean,MLB,73
Colts,Green,T.J.,CB,72
Colts,Mack,Marlon,HB,72
Colts,Melvin,Rashaan,CB,72
Colts,Morris,Darryl,CB,72
Colts,Banner,Zach,RT,71
Colts,Boyd,Josh,DT,71
Colts,Williams,Brandon,TE,71
Colts,Basham,Tarell,RE,70
Colts,Haeg,Joe,LG,70
Colts,Hunt,Margus,RE,70
Colts,Parry,David,DT,70
Colts,Rogers,Chester,WR,70
Colts,Good,Denzelle,RG,69
Colts,Ridgeway,Hassan,LE,69
Colts,Bostic,Jon,MLB,68
Colts,Clark,Le'Raven,RT,68
Colts,Morrison,Antonio,MLB,68
Colts,George,Jeremiah,MLB,66
Colts,Swoope,Erik,TE,66
Colts,Tolzien,Scott,QB,66
Colts,Walker Jr,Anthony,MLB,66
Colts,Bray,Quan,WR,65
Colts,Jackson,Edwin,MLB,65
Colts,Mitchel,Tevin,CB,65
Colts,Pope,Troymaine,HB,65
Colts,Vujnovich,Jeremy,LT,65
Colts,Cooper,Fahn,LT,64
Colts,Edwards,Lavar,ROLB,64
Colts,Hairston,Nate,CB,64
Colts,Howard,Bug,WR,64
Colts,Milton,Chris,CB,64
Colts,Mount,Deiontrez,LOLB,63
Colts,Winn,George,HB,63
Colts,Crossan,Dalton,HB,61
Colts,Farley,Matthias,SS,61
Colts,Ferguson,Josh,HB,61
Colts,Krieger-Coble,Henry,TE,61
Colts,Morris,Stephen,QB,61
Colts,Stewart,Grover,RE,61
Colts,Powell,Tyvis,SS,60
Colts,Showers,Valdez,WR,60
Colts,Natson,JoJo,WR,59
Colts,Rhodes,Luke,MLB,58
Colts,Hennessy,Thomas,TE,43
Cowboys,Martin,Zack,RG,95
Cowboys,Smith,Tyron,LT,94
Cowboys,Frederick,Travis,C,93
Cowboys,Bryant,Dez,WR,91
Cowboys,Lee,Sean,ROLB,91
Cowboys,Elliott,Ezekiel,HB,90
Cowboys,Witten,Jason,TE,90
Cowboys,Prescott,Dak,QB,86
Cowboys,Bailey,Dan,K,84
Cowboys,Jones,Byron,FS,84
Cowboys,Jones,Chris,P,83
Cowboys,Scandrick,Orlando,CB,83
Cowboys,Beasley,Cole,WR,81
Cowboys,Williams,Terrance,WR,80
Cowboys,Brown,Anthony,CB,79
Cowboys,Collins,La'el,RT,79
Cowboys,Irving,David,LE,79
Cowboys,Lawrence,DeMarcus,RE,79
Cowboys,Paea,Stephen,DT,78
Cowboys,Cooper,Jonathan,LG,77
Cowboys,Crawford,Tyrone,LE,77
Cowboys,McFadden,Darren,HB,77
Cowboys,Smith,Keith,FB,77
Cowboys,Carroll II,Nolan,CB,76
Cowboys,Awuzie,Chidobe,CB,75
Cowboys,Charlton,Taco,RE,75
Cowboys,Heath,Jeff,FS,75
Cowboys,Morris,Alfred,HB,75
Cowboys,Smith,Jaylon,MLB,75
Cowboys,Butler,Brice,WR,74
Cowboys,Durant,Justin,LOLB,74
Cowboys,Gregory,Randy,RE,74
Cowboys,Hitchens,Anthony,MLB,74
Cowboys,Lewis,Jourdan,CB,74
Cowboys,Mayowa,Benson,RE,74
Cowboys,Swaim,Geoff,TE,74
Cowboys,Thornton,Cedric,DT,74
Cowboys,Collins,Maliek,DT,73
Cowboys,Hanna,James,TE,73
Cowboys,Switzer,Ryan,WR,73
Cowboys,Wilber,Kyle,LOLB,73
Cowboys,Wilson,Damien,LOLB,73
Cowboys,Blanton,Robert,SS,72
Cowboys,Bell,Byron,RT,71
Cowboys,Green,Chaz,RT,70
Cowboys,McFadden,Leon,CB,70
Cowboys,Moore,Damontre,RE,70
Cowboys,Hillman,Ronnie,HB,69
Cowboys,McCown,Luke,QB,69
Cowboys,Tapper,Charles,LE,69
Cowboys,Woods,Xavier,SS,69
Cowboys,Brown,Noah,WR,67
Cowboys,Gathers,Rico,TE,67
Cowboys,Jarwin,Blake,TE,67
Cowboys,Moore,Kellen,QB,67
Cowboys,Looney,Joe,C,66
Cowboys,Cleary,Emmett,LT,65
Cowboys,Frazier,Kavon,SS,65
Cowboys,Lotulelei,John,ROLB,65
Cowboys,White,Marquez,CB,65
Cowboys,Edwards,Kadeem,LG,64
Cowboys,Ivie IV,Joey,DT,64
Cowboys,Jones,Andy,WR,64
Cowboys,Nzeocha,Mark,MLB,64
Cowboys,Seamster,Sammy,CB,64
Cowboys,Ash,Richard,DT,63
Cowboys,Neal,Lewis,LE,63
Cowboys,Nwachukwu,Uzoma,WR,63
Cowboys,Smith,Rod,HB,63
Cowboys,Carrell,Jordan,DT,62
Cowboys,Skipper,Dan,RT,62
Cowboys,DeBord,Clay,LT,60
Cowboys,Showers,Jameill,SS,55
Cowboys,LaDouceur,L.P.,TE,48
Dolphins,Suh,Ndamukong,DT,93
Dolphins,Jones,Reshad,SS,91
Dolphins,Wake,Cameron,LE,89
Dolphins,Landry,Jarvis,WR,88
Dolphins,Ajayi,Jay,HB,87
Dolphins,Maxwell,Byron,CB,85
Dolphins,Fasano,Anthony,TE,83
Dolphins,Hayes,William,RE,83
Dolphins,Tannehill,Ryan,QB,83
Dolphins,Misi,Koa,LOLB,82
Dolphins,Parker,DeVante,WR,81
Dolphins,Thomas,Julius,TE,81
Dolphins,Stills,Kenny,WR,80
Dolphins,Timmons,Lawrence,MLB,80
Dolphins,Branch,Andre,LE,78
Dolphins,Cutler,Jay,QB,78
Dolphins,Darr,Matt,P,78
Dolphins,James,Ja'Wuan,RT,78
Dolphins,Tunsil,Laremy,LT,78
Dolphins,Alonso,Kiko,ROLB,77
Dolphins,Pouncey,Mike,C,77
Dolphins,Lippett,Tony,CB,76
Dolphins,McDonald Jr,T.J.,SS,76
Dolphins,Phillips,Jordan,DT,76
Dolphins,Williams,Damien,HB,76
Dolphins,Franks,Andrew,K,75
Dolphins,Howard,Xavien,CB,74
Dolphins,McCain,Bobby,CB,74
Dolphins,Harris,Charles,RE,73
Dolphins,Allen,Nate,FS,72
Dolphins,Bushrod,Jermon,RG,72
Dolphins,McMillan,Raekwon,LOLB,72
Dolphins,Tankersley,Cordrea,CB,72
Dolphins,Verner,Alterraun,CB,72
Dolphins,Moore,Matt,QB,71
Dolphins,Hewitt,Neville,ROLB,70
Dolphins,Young,Sam,RT,70
Dolphins,Aikens,Walt,FS,69
Dolphins,Carroo,Leonte,WR,69
Dolphins,Drake,Kenyan,HB,69
Dolphins,Gray,MarQueis,TE,69
Dolphins,Larsen,Ted,LG,69
Dolphins,Urbik,Kraig,RG,69
Dolphins,Asiata,Isaac,LG,68
Dolphins,Thomas,Michael,FS,68
Dolphins,Williams,Nick,LE,68
Dolphins,Fede,Terrence,LE,67
Dolphins,Ford,Isaiah,WR,67
Dolphins,Grant,Jakeem,WR,67
Dolphins,Johnson,Storm,HB,67
Dolphins,Reilly,Trevor,LOLB,67
Dolphins,Steen,Anthony,LG,67
Dolphins,Godchaux,Davon,DT,65
Dolphins,Smith,De'Veon,HB,65
Dolphins,Taylor,Vincent,DT,65
Dolphins,Warmsley,Julius,DT,65
Dolphins,Barrow,Lamin,MLB,64
Dolphins,Hull,Mike,MLB,64
Dolphins,Stringfellow,Damore'ea,WR,64
Dolphins,Lucas,Jordan,CB,63
Dolphins,Pantale,Chris,TE,63
Dolphins,Scott,Rashawn,WR,63
Dolphins,Duarte,Thomas,TE,62
Dolphins,Fales,David,QB,62
Dolphins,Perry,Senorise,HB,62
Dolphins,Pitts,Lafayette,CB,62
Dolphins,Watts,Brandon,LOLB,62
Dolphins,Doughty,Brandon,QB,61
Dolphins,Brendel,Jake,C,60
Dolphins,Hendy,A.J.,SS,60
Dolphins,Mathews,Mitch,WR,60
Dolphins,Young,Avery,LT,59
Dolphins,Okoye,Lawrence,RE,56
Dolphins,Denney,John,TE,48
Eagles,Graham,Brandon,LE,95
Eagles,Cox,Fletcher,DT,91
Eagles,Johnson,Lane,RT,90
Eagles,Brooks,Brandon,RG,89
Eagles,Jeffery,Alshon,WR,87
Eagles,Peters,Jason,LT,87
Eagles,Blount,LeGarrette,HB,85
Eagles,Ertz,Zach,TE,85
Eagles,Hicks,Jordan,MLB,85
Eagles,Jenkins,Malcolm,SS,85
Eagles,Bradham,Nigel,LOLB,84
Eagles,Sproles,Darren,HB,83
Eagles,Celek,Brent,TE,82
Eagles,Jernigan,Tim,DT,81
Eagles,Darby,Ronald,CB,80
Eagles,Graham,Corey,FS,80
Eagles,Long,Chris,LE,80
Eagles,McLeod Jr,Rodney,FS,80
Eagles,Sturgis,Caleb,K,80
Eagles,Burton,Trey,TE,79
Eagles,Curry,Vinny,RE,79
Eagles,Wentz,Carson,QB,79
Eagles,Smith,Torrey,WR,78
Eagles,Kendricks,Mychal,ROLB,77
Eagles,Robinson,Patrick,CB,77
Eagles,Jones,Donnie,P,76
Eagles,Kelce,Jason,C,76
Eagles,Barnett,Derek,RE,75
Eagles,Jones IV,Sidney,CB,75
Eagles,Pumphrey Jr,Donnel,HB,73
Eagles,Tobin,Matt,RG,73
Eagles,Warmack,Chance,LG,73
Eagles,Wisniewski,Stefen,C,73
Eagles,Seumalo,Isaac,LG,72
Eagles,Watkins,Jaylen,SS,72
Eagles,Agholor,Nelson,WR,71
Eagles,Foles,Nick,QB,71
Eagles,Brooks,Ron,CB,70
Eagles,Brooks,Terrence,SS,70
Eagles,Hollins,Mack,WR,70
Eagles,Maragos,Chris,FS,70
Eagles,Mills,Jalen,CB,70
Eagles,Smallwood,Wendell,HB,70
Eagles,Vaitai,Hal,RT,70
Eagles,Wright,Gabe,DT,70
Eagles,Hart,Taylor,RT,69
Eagles,Qualls,Elijah,DT,69
Eagles,Allen,Beau,DT,68
Eagles,Douglas,Rasul,CB,68
Eagles,Glover-Wright,Tay,CB,68
Eagles,Means,Steven,RE,68
Eagles,Gibson,Shelton,WR,67
Eagles,McGloin,Matt,QB,67
Eagles,Gerry,Nathan,ROLB,66
Eagles,Goode,Najee,LOLB,66
Eagles,Turner,Paul,WR,66
Eagles,Gordon,Dillon,LT,64
Eagles,Hamilton,Justin,DT,64
Eagles,Thomas,Dallas,RG,64
Eagles,Vaeao,Destiny,DT,64
Eagles,Grugier-Hill,Kamu,ROLB,63
Eagles,Grymes,Aaron,CB,62
Eagles,Andrews,Josh,C,61
Eagles,Greene,Darrell,RG,61
Eagles,Marshall,Byron,HB,61
Eagles,Smith III,C.J.,CB,61
Eagles,Treggs,Bryce,WR,61
Eagles,Daniels,Steven,MLB,60
Eagles,McCalister,Alex,LE,60
Eagles,Walker,Joe,MLB,60
Eagles,Cherry,Don,MLB,57
Eagles,Watford,David,WR,56
Eagles,Dorenbos,Jon,TE,44
Eagles,Lovato,Rick,TE,42
Falcons,Jones,Julio,WR,98
Falcons,Ryan,Matt,QB,96
Falcons,Mack,Alex,C,91
Falcons,Freeman,Devonta,HB,89
Falcons,Trufant,Desmond,CB,89
Falcons,Schraeder,Ryan,RT,87
Falcons,Bryant,Matt,K,85
Falcons,Coleman,Tevin,HB,85
Falcons,Levitre,Andy,LG,84
Falcons,Beasley Jr,Vic,LOLB,83
Falcons,Neal,Keanu,SS,83
Falcons,Bosher,Matt,P,82
Falcons,Jarrett,Grady,DT,82
Falcons,Sanu Sr,Mohamed,WR,82
Falcons,Allen,Ricardo,FS,81
Falcons,Jones,Deion,MLB,81
Falcons,Alford,Robert,CB,80
Falcons,Gabriel,Taylor,WR,80
Falcons,Collins,Jalen,CB,79
Falcons,Poe,Dontari,DT,79
Falcons,Clayborn,Adrian,RE,77
Falcons,Hooper,Austin,TE,77
Falcons,Matthews,Jake,LT,77
Falcons,Poole,Brian,CB,76
Falcons,Reed,Brooks,LE,76
Falcons,Coleman,Derrick,FB,75
Falcons,Hageman,Ra'Shede,RE,75
Falcons,McKinley,Takkarist,LE,75
Falcons,Shelby,Derrick,DT,75
Falcons,Hardy,Justin,WR,73
Falcons,Upshaw,Courtney,DT,73
Falcons,Hill,Brian,HB,72
Falcons,Ishmael,Kemal,ROLB,72
Falcons,Riley,Duke,ROLB,72
Falcons,Roberts,Andre,WR,72
Falcons,Campbell,De'Vondre,LOLB,71
Falcons,Wreh-Wilson,Blidi,CB,71
Falcons,Harlow,Sean,LG,70
Falcons,Renew,Tyler,FB,70
Falcons,Saubert,Eric,TE,70
Falcons,Toilolo,Levine,TE,70
Falcons,Williams,Nick,WR,70
Falcons,Crawford,Jack,RE,69
Falcons,Kazee,Damontae,FS,69
Falcons,Schaub,Matt,QB,69
Falcons,Goodwin,C.J.,CB,68
Falcons,Vellano,Joe,DT,68
Falcons,Ward,Terron,HB,68
Falcons,Reynolds,LaRoy,MLB,67
Falcons,Garland,Ben,C,66
Falcons,Olatoye,Deji,CB,66
Falcons,Taylor,Kelvin,HB,66
Falcons,Graf,Kevin,LT,64
Falcons,Perkins,Joshua,TE,64
Falcons,Schweitzer,Wes,RG,64
Falcons,Fuller,Devin,WR,62
Falcons,Odom,Chris,RE,62
Falcons,Brunskill,Daniel,RT,61
Falcons,Mauger,Quincy,SS,61
Falcons,Neasman,Sharrod,SS,61
Falcons,Tialavea,D.J.,RT,61
Falcons,Edison,Cornelius,C,60
Falcons,Ifedi,Martin,LE,60
Falcons,Keyes,Josh,LOLB,59
Falcons,Pressley,Jhurell,HB,59
Falcons,Simms,Matt,QB,58
Falcons,Torgersen,Alek,QB,58
Falcons,King,Akeem,FS,57
Falcons,Magee,Josh,WR,57
Falcons,Harris,Josh,TE,54
Giants,Beckham Jr,Odell,WR,93
Giants,Collins,Landon,SS,92
Giants,Harrison,Damon,DT,89
Giants,Jenkins,Janoris,CB,89
Giants,Rodgers-Cromartie,Dominique,CB,89
Giants,Pierre-Paul,Jason,LE,88
Giants,Vernon,Olivier,RE,88
Giants,Pugh,Justin,LG,86
Giants,Richburg,Weston,C,86
Giants,Marshall,Brandon,WR,85
Giants,Vereen,Shane,HB,82
Giants,Kennard,Devon,LOLB,80
Giants,Manning,Eli,QB,80
Giants,Shepard,Sterling,WR,80
Giants,Ellison,Rhett,FB,79
Giants,Apple,Eli,CB,77
Giants,Jerry,John,RG,77
Giants,Perkins,Paul,HB,77
Giants,Wing,Brad,P,77
Giants,Adams,Andrew,FS,76
Giants,Engram,Evan,TE,75
Giants,Fluker,D.J.,RT,75
Giants,Tye,Will,TE,75
Giants,Casillas,Jonathan,ROLB,74
Giants,Darkwa,Orleans,HB,74
Giants,Draughn,Shaun,HB,74
Giants,Ihenacho,Duke,FS,74
Giants,Gallman,Wayne,HB,73
Giants,Robinson,Keenan,ROLB,73
Giants,Webb,Davis,QB,73
Giants,Blake,Valentino,CB,72
Giants,Smith,Geno,QB,72
Giants,Thomas III,J.T.,ROLB,72
Giants,Bryant,Corbin,DT,71
Giants,Flowers,Ereck,LT,71
Giants,Harris,Dwayne,WR,71
Giants,Nugent,Mike,K,71
Giants,Rosas,Aldrick,K,71
Giants,Taylor,Devin,RE,71
Giants,Thompson,Darian,FS,71
Giants,Tomlinson,Dalvin,DT,71
Giants,Hart,Bobby,RT,70
Giants,Okwara,Romeo,LE,70
Giants,Bromley,Jay,DT,69
Giants,Herzlich,Mark,MLB,69
Giants,Berhe,Nat,SS,67
Giants,Bowie,Michael,LT,67
Giants,Gettis,Adam,LG,67
Giants,King,Tavarres,WR,67
Giants,Lewis Jr,Roger,WR,67
Giants,Murphy,Ryan,SS,67
Giants,Odighizuwa,Owa,RE,67
Giants,Thompson,Mykkele,CB,67
Giants,Adams,Jerell,TE,66
Giants,LaCosse,Matt,TE,66
Giants,Moss,Avery,RE,66
Giants,Rudolph,Travis,WR,66
Giants,Bisnowaty,Adam,LT,65
Giants,Goodson,B.J.,MLB,65
Giants,Maponga Sr,Stansly,LOLB,65
Giants,Wynn,Kerry,LE,65
Giants,Jones,Brett,C,64
Giants,Jones,Jarron,DT,64
Giants,Pinkins,Eric,FS,64
Giants,Johnson,Josh,QB,63
Giants,Skinner,Deontae,ROLB,63
Giants,Thomas,Robert,DT,63
Giants,Halapio,Jon,RG,62
Giants,Dunker,Jessamen,RG,61
Giants,Hunter,Michael,CB,61
Giants,Grant,Curtis,MLB,60
Giants,Williams,Jordan,DT,60
Giants,Turzilli,Andrew,WR,59
Giants,DeOssie,Zak,TE,55
Jaguars,Campbell,Calais,RE,91
Jaguars,Bouye,A.J.,CB,88
Jaguars,Posluszny,Paul,MLB,87
Jaguars,Robinson,Allen,WR,87
Jaguars,Ramsey,Jalen,CB,86
Jaguars,Linder,Brandon,C,85
Jaguars,Church,Barry,SS,83
Jaguars,Jackson,Malik,DT,83
Jaguars,Smith,Telvin,ROLB,82
Jaguars,Fournette,Leonard,HB,81
Jaguars,Hurns,Allen,WR,81
Jaguars,Ivory,Chris,HB,80
Jaguars,Jones,Abry,DT,80
Jaguars,Lee,Marqise,WR,80
Jaguars,Yeldon,T.J.,HB,79
Jaguars,Colvin,Aaron,CB,78
Jaguars,Myers,Jason,K,78
Jaguars,Bortles,Blake,QB,77
Jaguars,Lewis,Marcedes,TE,77
Jaguars,Ngakoue,Yannick,LE,77
Jaguars,Nortman,Brad,P,77
Jaguars,Parnell,Jermey,RT,77
Jaguars,Fowler Jr,Dante,LE,76
Jaguars,Jack,Myles,LOLB,76
Jaguars,Omameh,Patrick,LG,76
Jaguars,Robinson,Cam,LT,76
Jaguars,Gipson,Tashaun,FS,75
Jaguars,Westbrook,Dede,WR,75
Jaguars,Rivera,Mychal,TE,73
Jaguars,Cann,A.J.,RG,72
Jaguars,Grimes,Jonathan,HB,72
Jaguars,McCray,Lerentee,ROLB,72
Jaguars,Charles,Stefan,DT,71
Jaguars,Greene Sr,Rashad,WR,71
Jaguars,Smoot,Dawuane,RE,71
Jaguars,Benn,Arrelious,WR,70
Jaguars,Bowanko,Luke,C,70
Jaguars,Gachkar,Andrew,MLB,70
Jaguars,Watford,Earl,LG,70
Jaguars,Wells,Josh,RT,70
Jaguars,Bohanon,Tommy,FB,69
Jaguars,Cole,Audie,MLB,69
Jaguars,Day,Sheldon,DT,69
Jaguars,Gaines,Charles,CB,69
Jaguars,McNary,Josh,ROLB,69
Jaguars,Patmon,Tyler,CB,69
Jaguars,Poutasi,Jeremiah,RG,69
Jaguars,Brown,Blair,LOLB,68
Jaguars,Goodman,Malliciah,RE,68
Jaguars,James II,Charles,CB,68
Jaguars,Johnson,Jeron,SS,68
Jaguars,Reed,Chris,RG,68
Jaguars,Shatley,Tyler,LG,68
Jaguars,Williams,Marquez,FB,68
Jaguars,Bennett,Michael,DT,67
Jaguars,Henne,Chad,QB,67
Jaguars,Myrick,Jalen,CB,67
Jaguars,Grant,Doran,CB,66
Jaguars,Koyack,Ben,TE,66
Jaguars,Pullard III,Hayes,MLB,66
Jaguars,Sterling,Neal,TE,66
Jaguars,Grant,Corey,HB,65
Jaguars,Ellis,Alex,TE,64
Jaguars,Allen,Brandon,QB,63
Jaguars,Etta-Tawo,Amba,WR,63
Jaguars,Howard,Tracy,CB,63
Jaguars,Woodard,Jonathan,RE,63
Jaguars,Gennesy,Avery,RG,62
Jaguars,Thompson,Peyton,FS,62
Jaguars,Wilson,Jarrod,SS,62
Jaguars,Phillips,Carroll,LE,60
Jaguars,Wynn,Shane,WR,60
Jaguars,Tinker,Carson,TE,46
Jaguars,Overton,Matt,TE,43
Jets,Williams,Leonard,LE,85
Jets,Forte,Matt,HB,84
Jets,Carpenter,James,LG,82
Jets,Adams,Jamal,SS,81
Jets,Powell,Bilal,HB,81
Jets,Richardson,Sheldon,ROLB,81
Jets,Claiborne,Morris,CB,79
Jets,Enunwa,Quincy,WR,79
Jets,Wilkerson,Muhammad,RE,79
Jets,Winters,Brian,RG,78
Jets,Catanzaro,Chandler,K,76
Jets,Skrine,Buster,CB,76
Jets,McLendon,Steve,DT,75
Jets,Wilson,Marquess,WR,75
Jets,Anderson,Robby,WR,74
Jets,Davis,Demario,MLB,74
Jets,Maye,Marcus,SS,74
Jets,Seferian-Jenkins,Austin,TE,74
Jets,Stewart,ArDarius,WR,74
Jets,Williams,Marcus,CB,74
Jets,McCown,Josh,QB,73
Jets,Paysinger,Spencer,MLB,73
Jets,Adams,Jeff,LG,72
Jets,Beachum,Kelvin,LT,72
Jets,Carter,Bruce,MLB,72
Jets,Dozier,Dakota,LG,72
Jets,Edwards,Lac,P,72
Jets,Gragg,Chris,TE,72
Jets,Lee,Darron,MLB,72
Jets,Leggett,Jordan,TE,72
Jets,Mauldin IV,Lorenzo,ROLB,72
Jets,Miles,Rontez,FS,72
Jets,White,Corey,CB,71
Jets,Hansen,Chad,WR,70
Jets,Johnson,Wesley,C,70
Jets,Marshall,Jalin,WR,70
Jets,McGuire,Elijah,HB,70
Jets,Smith,Devin,WR,70
Jets,Whitehead,Lucky,WR,70
Jets,Burris,Juston,CB,69
Jets,Harrison,Jonotthan,C,69
Jets,Jenkins,Jordan,LOLB,69
Jets,Petty,Bryce,QB,69
Jets,Qvale,Brent,RT,69
Jets,Shell,Brandon,RT,69
Jets,Still,Devon,RE,69
Jets,Thomas,Shamarko,FS,69
Jets,Martin,Josh,ROLB,68
Jets,Roberts,Darryl,CB,68
Jets,Todman,Jordan,HB,68
Jets,Hackenberg,Christian,QB,67
Jets,McDougle,Dexter,CB,67
Jets,Pennel,Mike,RE,67
Jets,Therezie,Robenson,FS,67
Jets,Thompkins,Kenbrell,WR,67
Jets,Ijalana,Ben,LT,66
Jets,Peake,Charone,WR,66
Jets,Lemonier,Corey,LOLB,65
Jets,Murphy,Marcus,HB,65
Jets,Simon,Deon,DT,65
Jets,Clark,Jeremy,CB,64
Jets,Donahue,Dylan,ROLB,64
Jets,Hammond,Frankie,WR,63
Jets,Howsare,Julian,FB,63
Jets,Jones,Derrick,CB,63
Jets,Martin Jr,Ronald,FS,63
Jets,Stanford,Julian,MLB,63
Jets,Tomlinson,Eric,TE,63
Jets,Watts,Craig,RG,63
Jets,Balducci,Alex,RG,62
Jets,Johnson,Anthony,LE,62
Jets,Thomas,Lawrence,LE,62
Jets,Bishop,Freddie,LOLB,59
Jets,Purdum,Tanner,TE,46
Lions,Slay Jr,Darius,CB,89
Lions,Lang,T.J.,RG,87
Lions,Stafford,Matthew,QB,87
Lions,Tate III,Golden,WR,87
Lions,Ansah,Ezekiel,RE,84
Lions,Jones Jr,Marvin,WR,84
Lions,Prater,Matt,K,83
Lions,Wagner,Rick,RT,83
Lions,Decker,Taylor,LT,82
Lions,Quin,Glover,FS,82
Lions,Riddick,Theo,HB,82
Lions,Wilson Sr,Tavon,SS,82
Lions,Ebron,Eric,TE,81
Lions,Martin,Sam,P,81
Lions,Swanson,Travis,C,81
Lions,Lawson,Nevin,CB,80
Lions,Abdullah,Ameer,HB,78
Lions,Hyder Jr,Kerry,LE,78
Lions,Ngata,Haloti,DT,78
Lions,Asiata,Matt,HB,75
Lions,Worrilow,Paul,LOLB,75
Lions,Davis,Jarrad,MLB,74
Lions,Fells,Darren,TE,74
Lions,Golladay,Kenny,WR,74
Lions,Hayden,D.J.,CB,74
Lions,Whitehead,Tahir,ROLB,74
Lions,Zenner,Zach,HB,74
Lions,Spence,Akeem,DT,73
Lions,Tabor,Teez,CB,73
Lions,Hill,Jordan,DT,72
Lions,Kouandjio,Cyrus,LT,72
Lions,Lee,Khari,TE,72
Lions,Robinson,A'Shawn,DT,72
Lions,Bryant,Armonty,LE,71
Lions,Diggs,Quandre,CB,71
Lions,Roberts,Michael,TE,71
Lions,Robinson,Greg,LT,71
Lions,Tomlinson,Laken,LG,71
Lions,Wright,Timothy,TE,71
Lions,Carey,Don,FS,70
Lions,Robinson,Corey,LT,70
Lions,Abbrederis,Jared,WR,69
Lions,Bademosi,Johnson,CB,69
Lions,Bellore,Nick,MLB,69
Lions,Glasgow,Graham,LG,69
Lions,Jones,T.J.,WR,69
Lions,Lucas,Cornelius,RT,69
Lions,Redfern,Kasey,P,69
Lions,Zettel,Anthony,RE,69
Lions,Gaston,Bruce,DT,68
Lions,Washington,Dwayne,HB,68
Lions,Ferguson,Ego,RE,67
Lions,Killebrew,Miles,SS,67
Lions,Reeves-Maybin,Jalen,LOLB,67
Lions,Thomas,Brandon,LG,67
Lions,Wick,Cole,TE,67
Lions,Agnew,Jamal,CB,66
Lions,Carter,Alex,FS,66
Lions,Dahl,Joe,RG,66
Lions,Martin,Keshawn,WR,66
Lions,Thornton,Khyri,DT,65
Lions,Williams,Antwione,LOLB,65
Lions,Barnes,Adairius,CB,64
Lions,Becton,Nick,RT,64
Lions,Billingsley,Jace,WR,64
Lions,Kaaya,Brad,QB,64
Lions,O'Connor,Pat,LE,64
Lions,Washington,Cornelius,LE,64
Lions,Jacobs,Tramain,CB,63
Lions,Ledbetter,Jeremiah,DT,63
Lions,Rudock,Jake,QB,63
Lions,Longa,Steve,ROLB,62
Lions,Armbrister,Thurston,ROLB,61
Lions,Muhlbach,Don,TE,49
Packers,Rodgers,Aaron,QB,98
Packers,Bakhtiari,David,LT,91
Packers,Nelson,Jordy,WR,91
Packers,Bennett,Martellus,TE,89
Packers,Daniels,Mike,RE,88
Packers,Cobb,Randall,WR,87
Packers,Bulaga,Bryan,RT,86
Packers,Burnett,Morgan,SS,86
Packers,Adams,Davante,WR,84
Packers,Perry,Nick,LOLB,84
Packers,Clinton-Dix,Ha Ha,FS,83
Packers,Montgomery,Ty,HB,83
Packers,Ripkowski,Aaron,FB,83
Packers,Linsley,Corey,C,82
Packers,Matthews,Clay,ROLB,82
Packers,Rodgers,Richard,TE,78
Packers,Crosby,Mason,K,77
Packers,Randall,Damarious,CB,77
Packers,Evans,Jahri,RG,76
Packers,Ryan,Jake,MLB,76
Packers,Clark,Kenny,LE,75
Packers,Taylor,Lane,LG,75
Packers,Vogel,Justin,P,75
Packers,House,Davon,CB,74
Packers,Jones,Josh,FS,74
Packers,Kendricks,Lance,TE,74
Packers,Martinez,Blake,MLB,74
Packers,Jean Francois,Ricky,RE,73
Packers,Rollins,Quinten,CB,73
Packers,Adams,Montravius,DT,72
Packers,Gunter,LaDarius,CB,72
Packers,King,Kevin,CB,72
Packers,Williams,Jamaal,HB,72
Packers,Fackrell,Kyler,ROLB,71
Packers,Thomas,Joe,MLB,71
Packers,Jones,Aaron,HB,70
Packers,Elliott,Jayrone,LOLB,69
Packers,Hundley,Brett,QB,69
Packers,Spriggs,Jason,LT,69
Packers,Biegel,Vince,LOLB,68
Packers,Brice,Kentrell,FS,68
Packers,Goodson,Demetri,CB,68
Packers,Janis,Jeff,WR,68
Packers,Allison,Geronimo,WR,67
Packers,Barclay,Don,RG,67
Packers,Lowry,Dean,LE,67
Packers,McCray,Justin,RG,67
Packers,Amichia,Kofi,C,66
Packers,Dupre,Malachi,WR,66
Packers,Mays,Devante,HB,66
Packers,Murphy,Kyle,RT,66
Packers,Peck,Aaron,TE,66
Packers,Ringo,Christian,DT,66
Packers,Yancey,DeAngelo,WR,66
Packers,Sandland,Beau,TE,65
Packers,Davis,Trevor,WR,64
Packers,Kerridge,Joe,FB,63
Packers,Leff,Robert,RT,63
Packers,Brown,Donatello,CB,62
Packers,Callahan,Joe,QB,62
Packers,McCaffrey,Max,WR,62
Packers,Tripp,Jordan,MLB,62
Packers,Waters,Herb,CB,62
Packers,Calvin,Johnathan,LE,61
Packers,Evans,Marwin,SS,61
Packers,Gilbert,Reggie,LE,61
Packers,Hawkins,Josh,CB,61
Packers,Pankey,Adam,LG,61
Packers,Hill,Taysom,QB,60
Packers,Whitehead,Jermaine,FS,59
Packers,Goode,Brett,C,58
Packers,Price,Brian,RE,57
Packers,Hart,Derek,TE,44
Panthers,Kuechly,Luke,MLB,98
Panthers,Olsen,Greg,TE,92
Panthers,Newton,Cam,QB,88
Panthers,Short,Kawann,DT,88
Panthers,Davis Sr,Thomas,ROLB,87
Panthers,Benjamin,Kelvin,WR,85
Panthers,Norwell,Andrew,LG,84
Panthers,Stewart,Jonathan,HB,84
Panthers,Addison,Mario,RE,83
Panthers,Johnson,Charles,LE,83
Panthers,Peppers,Julius,RE,83
Panthers,Thompson,Shaq,LOLB,83
Panthers,Adams,Mike,SS,82
Panthers,Bradberry,James,CB,81
Panthers,Kalil,Ryan,C,81
Panthers,McCaffrey,Christian,HB,81
Panthers,Munnerlyn,Captain,CB,80
Panthers,Lee,Andy,P,79
Panthers,Coleman,Kurt,FS,78
Panthers,Kalil,Matt,LT,78
Panthers,Turner,Trai,RG,78
Panthers,Funchess,Devin,WR,76
Panthers,Gano,Graham,K,76
Panthers,Butler,Vernon,DT,75
Panthers,Lotulelei,Star,DT,75
Panthers,Palardy,Michael,P,74
Panthers,Worley,Daryl,CB,74
Panthers,Young,Darrel,FB,74
Panthers,Moton,Taylor,RG,73
Panthers,Samuel,Curtis,WR,73
Panthers,Armah,Alex,FB,72
Panthers,Butker,Harrison,K,72
Panthers,Horton,Wes,RE,72
Panthers,Love,Kyle,DT,72
Panthers,Silatolu,Amini,LG,72
Panthers,Gradkowski,Gino,C,71
Panthers,Shepard,Russell,WR,71
Panthers,Dickson,Ed,TE,70
Panthers,Scott,Chris,RG,70
Panthers,Williams,Daryl,RT,70
Panthers,Anderson,Derek,QB,69
Panthers,Bersin,Brenton,WR,69
Panthers,Elder,Corn,CB,69
Panthers,Hall,Daeshon,RE,69
Panthers,Van Roten,Greg,LG,69
Panthers,Whittaker,Fozzy,HB,69
Panthers,Yankey,David,LG,69
Panthers,Artis-Payne,Cameron,HB,68
Panthers,Graham,Trevor,WR,67
Panthers,Larsen,Tyler,C,67
Panthers,Sanchez,Zack,CB,67
Panthers,France,Dan,LT,66
Panthers,Mayo,David,ROLB,66
Panthers,Jones,Colin,FS,65
Panthers,Southward,Dezmen,SS,65
Panthers,Webster III,Larry,LE,65
Panthers,Cash,Jeremy,ROLB,64
Panthers,Cox Jr,Bryan,LE,64
Panthers,Moore,Zach,LE,64
Panthers,Simonson,Scott,TE,64
Panthers,Webb III,Joe,QB,64
Panthers,Frazier,Mose,WR,63
Panthers,Jacobs,Ben,MLB,63
Panthers,Byrd,Damiere,WR,62
Panthers,Manhertz,Chris,TE,62
Panthers,Williams,Teddy,CB,62
Panthers,Boulware,Ben,MLB,61
Panthers,Johnson,Devonte,CB,61
Panthers,Garrett,Keyarris,WR,60
Panthers,Norris,Jared,LOLB,60
Panthers,Wujciak,Connor,DT,60
Panthers,Gilbert,Garrett,QB,59
Panthers,Clay,Kaelin,WR,58
Panthers,Jansen,J.J.,TE,44
Patriots,Brady,Tom,QB,99
Patriots,Gronkowski,Rob,TE,98
Patriots,Butler,Malcolm,CB,92
Patriots,McCourty,Devin,FS,92
Patriots,Edelman,Julian,WR,89
Patriots,Hightower,Dont'a,MLB,89
Patriots,Cannon,Marcus,RT,88
Patriots,Solder,Nate,LT,87
Patriots,Cooks,Brandin,WR,86
Patriots,Mason,Shaq,RG,85
Patriots,Develin,James,FB,84
Patriots,Branch,Alan,DT,83
Patriots,Gilmore,Stephon,CB,83
Patriots,Hogan,Chris,WR,83
Patriots,Flowers,Trey,RE,82
Patriots,Lewis,Dion,HB,82
Patriots,Harris,David,MLB,81
Patriots,White,James,HB,81
Patriots,Allen,Dwayne,TE,80
Patriots,Amendola,Danny,WR,78
Patriots,Andrews,David,C,78
Patriots,Brown,Malcom,DT,78
Patriots,Chung,Patrick,SS,77
Patriots,Garoppolo,Jimmy,QB,77
Patriots,Gillislee,Mike,HB,77
Patriots,Harmon,Duron,SS,77
Patriots,Burkhead,Rex,HB,76
Patriots,Gostkowski,Stephen,K,76
Patriots,Mitchell,Malcolm,WR,76
Patriots,Rowe,Eric,CB,76
Patriots,Thuney,Joe,LG,76
Patriots,Allen,Ryan,P,75
Patriots,Ealy,Kony,LOLB,75
Patriots,Guy,Lawrence,LE,75
Patriots,Roberts,Elandon,LOLB,75
Patriots,McClellin,Shea,LOLB,74
Patriots,Coleman,Justin,CB,73
Patriots,Freeny,Jonathan,ROLB,73
Patriots,Bolden,Brandon,HB,72
Patriots,Brissett,Jacoby,QB,72
Patriots,Rivers,Derek,ROLB,72
Patriots,Fleming,Cameron,RT,71
Patriots,Garcia,Antonio,LT,71
Patriots,Van Noy,Kyle,MLB,71
Patriots,Valentine,Vincent,DT,70
Patriots,Jones,Cyrus,CB,69
Patriots,Lengel,Matt,TE,69
Patriots,Slater,Matthew,WR,69
Patriots,Wise Jr,Deatrich,RE,69
Patriots,Waddle,LaAdrian,LT,68
Patriots,Gronkowski,Glenn,FB,67
Patriots,McDermott,Conor,RT,67
Patriots,O'Shaughnessy,James,TE,67
Patriots,Richards,Jordan,SS,67
Patriots,Douglas,Jamil,LG,65
Patriots,Ebner,Nate,FS,65
Patriots,Grissom,Geneo,LE,65
Patriots,Hamilton,Woodrow,DT,65
Patriots,Karras,Ted,C,65
Patriots,Kidder,Caleb,LE,64
Patriots,Ferentz,James,C,63
Patriots,Foster,D.J.,HB,63
Patriots,Lucien,Devin,WR,63
Patriots,Jones,Jonathan,CB,62
Patriots,Kilgo,Darius,DT,62
Patriots,King,Brandon,FS,62
Patriots,Maye,K.J.,WR,61
Patriots,Ellis,Brooks,MLB,60
Patriots,Langi,Harvey,MLB,59
Patriots,Travis,Damarius,SS,59
Patriots,Bates,Trevor,MLB,57
Patriots,Cardona,Joe,TE,41
Raiders,Mack,Khalil,LOLB,97
Raiders,Osemele,Kelechi,LG,92
Raiders,Hudson,Rodney,C,90
Raiders,Carr,Derek,QB,89
Raiders,Penn,Donald,LT,89
Raiders,Cooper,Amari,WR,87
Raiders,Smith,Sean,CB,86
Raiders,Cook,Jared,TE,85
Raiders,Crabtree,Michael,WR,85
Raiders,King,Marquette,P,85
Raiders,Lynch,Marshawn,HB,85
Raiders,Smith,Aldon,ROLB,85
Raiders,Irvin,Bruce,ROLB,84
Raiders,Jackson,Gabe,RG,84
Raiders,Amerson,David,CB,82
Raiders,Joseph,Karl,SS,81
Raiders,Janikowski,Sebastian,K,80
Raiders,Nelson,Reggie,FS,79
Raiders,Patterson,Cordarrelle,WR,78
Raiders,Richard,Jalen,HB,77
Raiders,Edwards Jr,Mario,RE,76
Raiders,Conley,Gareon,CB,75
Raiders,Melifonwu,Obi,FS,75
Raiders,Walford,Clive,TE,75
Raiders,Carrie,T.J.,CB,74
Raiders,Smith,Lee,TE,74
Raiders,Washington,DeAndre,HB,74
Raiders,Roberts,Seth,WR,73
Raiders,Olawale,Jamize,FB,72
Raiders,Ward,Jihad,LE,72
Raiders,Jenkins,Jelani,LOLB,71
Raiders,Newhouse,Marshall,RT,71
Raiders,Ellis,Justin,DT,70
Raiders,Manuel,E.J.,QB,70
Raiders,Cook,Connor,QB,69
Raiders,Helfet,Cooper,TE,69
Raiders,Kirkland,Denver,LT,69
Raiders,Sharpe,David,LT,69
Raiders,Vanderdoes,Eddie,LE,69
Raiders,Brown,Pharaoh,TE,68
Raiders,Alexander,Vadal,RG,67
Raiders,Calhoun,Shilique,ROLB,67
Raiders,O'Malley,Ryan,TE,67
Raiders,Silberman,Ian,RT,67
Raiders,Heeney,Ben,MLB,66
Raiders,James,Cory,MLB,66
Raiders,McGill II,Keith,SS,66
Raiders,Tavecchio,Giorgio,K,66
Raiders,Ware,Jylan,RT,66
Raiders,Autry,Denico,RE,65
Raiders,Hester,Treyvon,DT,65
Raiders,Hood,Elijah,HB,65
Raiders,Casher,Chris,LE,64
Raiders,Holton,Johnny,WR,64
Raiders,Atkinson III,George,HB,63
Raiders,Feliciano,Jon,C,63
Raiders,Lee,Marquel,MLB,63
Raiders,Luani,Shalom,SS,63
Raiders,Adams,Tyrell,LOLB,62
Raiders,Brent,K.J.,WR,62
Raiders,Brown,Fadol,LE,62
Raiders,Hatcher,Keon,WR,62
Raiders,Lewis,LaTroy,LOLB,62
Raiders,Durden,Kenneth,CB,61
Raiders,Hamilton,Antonio,CB,61
Raiders,Holmes,Gabe,TE,61
Raiders,Jackson,Branden,RE,61
Raiders,Cioffi,Anthony,CB,60
Raiders,Harris,Najee,MLB,60
Raiders,Latham,Darius,LE,60
Raiders,McDonald,Dexter,CB,60
Raiders,Zamora,Ishmael,WR,60
Raiders,Cowser,James,ROLB,59
Raiders,Condo,Jon,TE,42
Rams,Donald,Aaron,RE,99
Rams,Whitworth,Andrew,LT,89
Rams,Hekker,Johnny,P,86
Rams,Watkins,Sammy,WR,86
Rams,Gurley II,Todd,HB,85
Rams,Alexander,Maurice,SS,84
Rams,Johnson,Trumaine,CB,82
Rams,Joyner,Lamarcus,FS,82
Rams,Austin,Tavon,WR,81
Rams,Brockers,Michael,DT,81
Rams,Quinn,Robert,ROLB,81
Rams,Robey-Coleman,Nickell,CB,79
Rams,Saffold III,Rodger,LG,79
Rams,Zuerlein,Greg,K,79
Rams,Barwin,Connor,LOLB,78
Rams,Easley,Dominique,RE,78
Rams,Harkey,Cory,FB,78
Rams,Woods,Robert,WR,78
Rams,Barron,Mark,MLB,77
Rams,Dunbar,Lance,HB,77
Rams,Havenstein,Rob,RT,77
Rams,Ogletree,Alec,MLB,77
Rams,Sullivan,John,C,76
Rams,Everett,Gerald,TE,75
Rams,Johnson,John,FS,74
Rams,Kupp,Cooper,WR,74
Rams,Goff,Jared,QB,73
Rams,Webster,Kayvon,CB,73
Rams,Higbee,Tyler,TE,72
Rams,Reynolds,Josh,WR,72
Rams,Westbrooks,Ethan,LE,72
Rams,Brown,Jamon,LG,69
Rams,Purcell,Mike,DT,69
Rams,Wichmann,Cody,RG,69
Rams,Rogers,Sam,FB,68
Rams,Ebukam,Samson,ROLB,67
Rams,Mulumba,Andy,ROLB,67
Rams,Fox,Morgan,RE,66
Rams,Hill,Troy,CB,66
Rams,Jordan,Michael,CB,66
Rams,Price,Ejuan,ROLB,66
Rams,Williams,Darrell,RT,66
Rams,Brown,Malcolm,HB,65
Rams,Cannon,K.D.,WR,65
Rams,Countess,Blake,CB,65
Rams,Davis,Cody,FS,65
Rams,Donnal,Andrew,RG,65
Rams,Orlovsky,Dan,QB,65
Rams,Cooper,Pharoh,WR,64
Rams,Davis,Justin,HB,64
Rams,Marquez,Bradley,WR,64
Rams,Sayles,Casey,DT,64
Rams,Spruce,Nelson,WR,64
Rams,Forrest,Josh,LOLB,63
Rams,Jefferson,A.J.,LE,63
Rams,Longacre,Matt,LE,63
Rams,Smart,Tanzel,DT,63
Rams,Thomas,Mike,WR,63
Rams,Blythe,Austin,C,62
Rams,Christian,Marqui,CB,62
Rams,Grigsby,Nicholas,LOLB,62
Rams,Hemingway,Temarrick,TE,62
Rams,Littleton,Cory,ROLB,62
Rams,McRoberts,Paul,WR,62
Rams,Murphy,Pace,LT,62
Rams,Thompson,Carlos,LOLB,62
Rams,Eldrenkamp,Jake,C,61
Rams,Hager,Bryce,MLB,61
Rams,Mannion,Sean,QB,61
Rams,Penton,Aarion,CB,61
Rams,Johnson,Isaiah,SS,60
Rams,Davis,Kevin,MLB,59
Rams,Trinca-Pasat,Louis,DT,58
Rams,McQuaide,Jake,TE,44
Ravens,Yanda,Marshal,RG,96
Ravens,Weddle,Eric,FS,93
Ravens,Mosley,C.J.,MLB,89
Ravens,Jefferson,Tony,SS,88
Ravens,Tucker,Justin,K,87
Ravens,Smith,Jimmy,CB,86
Ravens,Suggs,Terrell,ROLB,86
Ravens,Koch,Sam,P,84
Ravens,Maclin,Jeremy,WR,83
Ravens,Wallace,Mike,WR,82
Ravens,Webb,Lardarius,FS,82
Ravens,Williams,Brandon,DT,82
Ravens,Woodhead,Danny,HB,82
Ravens,Flacco,Joe,QB,81
Ravens,West,Terrance,HB,81
Ravens,Stanley,Ronnie,LT,80
Ravens,Watson,Benjamin,TE,80
Ravens,Young,Tavon,CB,80
Ravens,Carr,Brandon,CB,79
Ravens,Gillmore,Crockett,TE,77
Ravens,Pierce,Michael,LE,77
Ravens,Dixon,Kenneth,HB,76
Ravens,Humphrey,Marlon,CB,76
Ravens,Williams,Maxx,TE,76
Ravens,Boyle,Nick,TE,75
Ravens,Perriman,Breshad,WR,74
Ravens,Rainey,Bobby,HB,74
Ravens,Wade,Trevin,CB,73
Ravens,Allen,Javorius,HB,72
Ravens,Donnell,Larry,TE,72
Ravens,Howard,Austin,RT,72
Ravens,Wormley,Chris,LE,72
Ravens,Bowser,Tyus,LOLB,71
Ravens,Boykin,Brandon,CB,71
Ravens,Campanaro,Michael,WR,71
Ravens,Correa,Kamalei,MLB,71
Ravens,Jensen,Ryan,C,71
Ravens,Siragusa,Nico,LG,71
Ravens,Smith,Za'Darius,ROLB,71
Ravens,Williams,Tim,ROLB,71
Ravens,Judon,Matthew,ROLB,70
Ravens,Levine Sr,Anthony,SS,70
Ravens,Lewis,Alex,LG,70
Ravens,McClellan,Albert,LOLB,70
Ravens,Taliaferro,Lorenzo,HB,70
Ravens,Hurst,James,RT,69
Ravens,Kaufusi,Bronson,RE,69
Ravens,Ortiz,Ricky,FB,69
Ravens,Urban,Brent,RE,69
Ravens,Eluemunor,Jermaine,LG,68
Ravens,Matthews,Chris,WR,68
Ravens,Waller,Darren,TE,68
Ravens,Wesley,De'Ondre,RT,67
Ravens,Davis,Carl,DT,66
Ravens,Henry,Willie,LE,66
Ravens,Mallett,Ryan,QB,66
Ravens,Whalen,Griff,WR,66
Ravens,Clark,Chuck,FS,65
Ravens,Mayle,Vince,WR,65
Ravens,Moore,Chris,WR,65
Ravens,Canady,Maurice,CB,64
Ravens,Pughsley,Jarrod,RG,64
Ravens,Bell,Kenny,WR,63
Ravens,Lewis,Thad,QB,63
Ravens,Adeboyejo,Quincy,WR,62
Ravens,Mizzell,Taquan,HB,62
Ravens,Daniel,Robertson,CB,61
Ravens,Price,Sheldon,CB,61
Ravens,Reynolds,Keenan,WR,61
Ravens,Onwuasor,Patrick,MLB,60
Ravens,Payne,Donald,LOLB,60
Ravens,Nembot,Stephane,LT,59
Ravens,Louis,Lamar,MLB,54
Ravens,Cox,Morgan,TE,40
Redskins,Williams,Trent,LT,95
Redskins,Reed,Jordan,TE,91
Redskins,Norman,Josh,CB,90
Redskins,Kerrigan,Ryan,LOLB,86
Redskins,Scherff,Brandon,RG,86
Redskins,Brown,Zach,MLB,85
Redskins,Cousins,Kirk,QB,85
Redskins,Moses,Morgan,RT,85
Redskins,Swearinger,D.J.,FS,84
Redskins,Foster,Mason,MLB,83
Redskins,Pryor Sr,Terrelle,WR,83
Redskins,Crowder,Jamison,WR,82
Redskins,Murphy,Trent,ROLB,81
Redskins,Cravens,Su'a,SS,80
Redskins,Davis,Vernon,TE,80
Redskins,Hall,DeAngelo,FS,79
Redskins,Way,Tress,P,79
Redskins,Kelley,Robert,HB,78
Redskins,Long,Spencer,C,78
Redskins,Blackmon,Will,FS,77
Redskins,Quick,Brian,WR,77
Redskins,Thompson,Chris,HB,77
Redskins,Galette,Junior,LOLB,76
Redskins,Smith,Preston,ROLB,76
Redskins,Breeland,Bashaud,CB,75
Redskins,Compton,Will,MLB,75
Redskins,Doctson,Josh,WR,75
Redskins,Paul,Niles,TE,75
Redskins,Allen,Jonathan,LE,74
Redskins,Hopkins,Dustin,K,74
Redskins,Nsekhe,Ty,LT,74
Redskins,Anderson,Ryan,LOLB,73
Redskins,Fuller,Kendall,CB,73
Redskins,McClain,Terrell,RE,73
Redskins,Carrier,Derek,TE,72
Redskins,Hood,Ziggy,DT,72
Redskins,Moreau,Fabian,CB,72
Redskins,Perine,Samaje,HB,72
Redskins,Dunbar,Quinton,CB,71
Redskins,Lauvao,Shawn,LG,71
Redskins,Sprinkle,Jeremy,TE,71
Redskins,Taylor Sr,Phil,DT,71
Redskins,McGee,Stacy,LE,70
Redskins,Jones,Matt,HB,69
Redskins,Nicholson,Montae,SS,68
Redskins,Carter,Chris,LOLB,67
Redskins,Evans,Josh,SS,67
Redskins,Everett,Deshazor,FS,67
Redskins,Grant,Ryan,WR,67
Redskins,Marshall,Keith,HB,67
Redskins,McCoy,Colt,QB,67
Redskins,Phillips,Dashaun,CB,67
Redskins,Brown,Mack,HB,66
Redskins,Ioannidis,Matthew,RE,66
Redskins,Painter,Vinston,RT,66
Redskins,Wolff IV,Earl,SS,66
Redskins,Davis,Robert,WR,65
Redskins,Harvey-Clemons,Josh,MLB,64
Redskins,Hazel,Matt,WR,64
Redskins,Holsey,Joshua,CB,64
Redskins,Sudfeld,Nate,QB,64
Redskins,Harris,Maurice,WR,63
Redskins,Kouandjio,Arie,RG,63
Redskins,Roullier,Chase,C,63
Redskins,Patrick,Ronald,C,62
Redskins,Spaight,Martrell,MLB,62
Redskins,Vigil,Zach,LOLB,62
Redskins,Bates,Houston,LOLB,61
Redskins,Lanier II,Anthony,LE,61
Redskins,Mbu,Joey,DT,60
Redskins,Trail,Lynden,ROLB,58
Redskins,Hilliard,Kenny,HB,57
Redskins,Francis,A.J.,RE,55
Redskins,Sundberg,Nick,C,55
Saints,Brees,Drew,QB,92
Saints,Jordan,Cameron,RE,92
Saints,Armstead,Terron,LT,85
Saints,Strief,Zach,RT,85
Saints,Ingram,Mark,HB,84
Saints,Morstead,Thomas,P,84
Saints,Peterson,Adrian,HB,84
Saints,Thomas,Michael,WR,84
Saints,Unger,Max,C,84
Saints,Vaccaro,Kenny,SS,82
Saints,Snead IV,Willie,WR,81
Saints,Warford,Larry,RG,81
Saints,Fleener,Coby,TE,80
Saints,Kuhn,John,FB,80
Saints,Breaux,Delvin,CB,79
Saints,Fairley,Nick,DT,79
Saints,Ginn Jr,Ted,WR,79
Saints,Lutz,Wil,K,79
Saints,Ramczyk,Ryan,RT,78
Saints,Rankins,Sheldon,DT,78
Saints,Robertson,Craig,MLB,77
Saints,Kamara,Alvin,HB,76
Saints,Lattimore,Marshon,CB,76
Saints,Moore,Sterling,CB,76
Saints,Bush,Rafael,FS,75
Saints,Ellerbe,Dannell,ROLB,75
Saints,Te'o,Manti,MLB,75
Saints,Williams,Marcus,FS,75
Saints,Bell,Vonn,FS,74
Saints,Hill,Josh,TE,74
Saints,Hoomanawanui,Michael,TE,74
Saints,Jones,Jason,RE,74
Saints,Peat,Andrus,LG,74
Saints,Williams,P.J.,CB,74
Saints,Kikaha,Hau'oli,LOLB,73
Saints,McDaniel,Tony,DT,73
Saints,Anthony,Stephone,LOLB,72
Saints,Coleman,Brandon,WR,72
Saints,Davison,Tyeler,DT,72
Saints,Klein,A.J.,MLB,72
Saints,Okafor,Alex,LE,72
Saints,Onyemata,David,DT,72
Saints,Stupar,Nathan,LOLB,72
Saints,Tapp,Darryl,RE,72
Saints,Crawley,Ken,CB,71
Saints,Hughes III,John,DT,71
Saints,Phillips,John,TE,71
Saints,Cadet,Travaris,HB,70
Saints,Daniel,Chase,QB,70
Saints,Fuller,Corey,WR,70
Saints,Hendrickson,Trey,LE,69
Saints,Kelemete,Senio,C,69
Saints,LeRibeus,Josh,LG,69
Saints,Mauti,Michael,MLB,69
Saints,Anzalone,Alex,ROLB,68
Saints,Swann,Damian,CB,68
Saints,Banjo,Chris,SS,66
Saints,Muhammad,Al-Quadin,RE,65
Saints,Dural,Travin,WR,63
Saints,Harris,De'Vante,CB,63
Saints,Harris,Erik,SS,63
Saints,Lasco,Daniel,HB,63
Saints,Calhoun,Taveze,CB,62
Saints,Grayson,Garrett,QB,62
Saints,Gwacham,Obum,LE,62
Saints,Lewis,Tommylee,WR,62
Saints,Sokoli,Kristjan,LG,62
Saints,Tautu,Sae,LOLB,62
Saints,Ugokwe,Jerry,RT,62
Saints,Lampman,Jake,WR,61
Saints,Tom,Cameron,C,61
Saints,Turner,Landon,RG,60
Saints,Allen,Jack,C,59
Saints,Drescher,Justin,TE,42
Seahawks,Chancellor,Kam,SS,95
Seahawks,Thomas III,Earl,FS,94
Seahawks,Graham,Jimmy,TE,93
Seahawks,Wagner,Bobby,MLB,93
Seahawks,Bennett,Michael,RE,90
Seahawks,Sherman,Richard,CB,90
Seahawks,Wilson,Russell,QB,90
Seahawks,Baldwin,Doug,WR,89
Seahawks,Wright,K.J.,ROLB,87
Seahawks,Avril,Cliff,LE,86
Seahawks,Rawls,Thomas,HB,83
Seahawks,Clark,Frank,LE,82
Seahawks,Lacy,Eddie,HB,82
Seahawks,Brock,Tramaine,CB,81
Seahawks,Britt,Justin,C,80
Seahawks,Kearse,Jermaine,WR,80
Seahawks,Lockett,Tyler,WR,80
Seahawks,Reece,Marcel,FB,79
Seahawks,Shead,DeShawn,CB,79
Seahawks,McDougald,Bradley,FS,78
Seahawks,Ryan,Jon,P,77
Seahawks,Lane,Jeremy,CB,76
Seahawks,Willson,Luke,TE,76
Seahawks,Joeckel,Luke,RG,75
Seahawks,Pocic,Ethan,RT,75
Seahawks,Richardson,Paul,WR,75
Seahawks,Aboushi,Oday,RT,74
Seahawks,Darboh,Amara,WR,74
Seahawks,McDowell,Malik,DT,74
Seahawks,Prosise,C.J.,HB,74
Seahawks,Rubin,Ahtyba,DT,74
Seahawks,Ifedi,Germain,RT,73
Seahawks,Reed,Jarran,DT,73
Seahawks,Davis,Mike,HB,72
Seahawks,Morgan,Mike,LOLB,72
Seahawks,Smith II,Marcus,RE,72
Seahawks,Thompson,Tedric,FS,72
Seahawks,Walsh,Blair,K,72
Seahawks,Glowinski,Mark,LG,71
Seahawks,Jones,Nazair,DT,71
Seahawks,Desir,Pierre,CB,70
Seahawks,Griffin,Shaquill,CB,70
Seahawks,Hunt,Joey,C,70
Seahawks,Vannett,Nick,TE,70
Seahawks,Wilhoite,Michael,MLB,70
Seahawks,Alexander,D.J.,ROLB,69
Seahawks,Fant,George,LT,69
Seahawks,Davis,Austin,QB,68
Seahawks,Hill,Delano,FS,68
Seahawks,Jordan,Dion,RE,68
Seahawks,Marsh,Cassius,LOLB,68
Seahawks,Collins,Alex,HB,67
Seahawks,McEvoy,Tanner,WR,67
Seahawks,Bass,David,ROLB,66
Seahawks,Carson,Chris,HB,66
Seahawks,Lawler,Kenny,WR,66
Seahawks,Moore,David,WR,66
Seahawks,Odhiambo,Rees,RG,66
Seahawks,Jefferson,Quinton,LE,65
Seahawks,Tyson,Mike,SS,65
Seahawks,Boykin,Trevone,QB,64
Seahawks,Cromartie,Marcus,FS,64
Seahawks,Elliott,DeAndre,CB,64
Seahawks,Roos,Jordan,LG,64
Seahawks,Senior,Justin,LT,64
Seahawks,Thorpe,Neiko,CB,64
Seahawks,Garvin,Terence,MLB,63
Seahawks,McKissic,J.D.,HB,63
Seahawks,Williams,Kasen,WR,63
Seahawks,Milhouse,Greg,DT,62
Seahawks,Smith,Garrison,LE,61
Seahawks,McDonald,Dewey,ROLB,60
Seahawks,Smith,Rodney,WR,60
Seahawks,Ott,Tyler,TE,47
Steelers,Bell,Le'Veon,HB,97
Steelers,Brown,Antonio,WR,97
Steelers,Roethlisberger,Ben,QB,91
Steelers,DeCastro,David,RG,88
Steelers,Foster,Ramon,LG,88
Steelers,Gilbert,Marcus,RT,88
Steelers,Harrison,James,ROLB,87
Steelers,Pouncey,Maurkice,C,85
Steelers,Gay,William,CB,84
Steelers,Shazier,Ryan,MLB,83
Steelers,Tuitt,Stephon,RE,83
Steelers,Boswell,Chris,K,82
Steelers,Heyward,Cameron,LE,81
Steelers,Mitchell,Mike,FS,81
Steelers,Villanueva,Alejandro,LT,81
Steelers,Bryant,Martavis,WR,80
Steelers,Cockrell,Ross,CB,80
Steelers,Nix,Roosevelt,FB,80
Steelers,Berry,Jordan,P,78
Steelers,Burns,Artie,CB,78
Steelers,James,Jesse,TE,78
Steelers,Rogers,Eli,WR,76
Steelers,Coates,Sammie,WR,75
Steelers,Dupree,Bud,LOLB,75
Steelers,Davis,Sean,SS,74
Steelers,Moats,Arthur,LOLB,74
Steelers,Watt,T.J.,ROLB,74
Steelers,Williams,Vince,MLB,74
Steelers,Alualu,Tyson,LE,73
Steelers,Finney,B.J.,LG,73
Steelers,Hargrave,Javon,DT,73
Steelers,Smith-Schuster,JuJu,WR,73
Steelers,Dobbs,Joshua,QB,72
Steelers,Heyward-Bey,Darrius,WR,72
Steelers,Conner,James,HB,71
Steelers,Davis,Knile,HB,71
Steelers,Golson,Senquez,CB,71
Steelers,Hubbard,Chris,RT,71
Steelers,Hunter,Justin,WR,71
Steelers,Sensabaugh,Coty,CB,71
Steelers,Dangerfield,Jordan,FS,70
Steelers,Golden,Robert,FS,70
Steelers,Stafford,Daimion,SS,70
Steelers,Sutton,Cameron,CB,70
Steelers,Grimble,Xavier,TE,69
Steelers,Johnson,Steven,MLB,69
Steelers,McCullers,Daniel,DT,69
Steelers,Hamilton,Cobi,WR,68
Steelers,Chickillo,Anthony,LOLB,66
Steelers,Feiler,Matt,LT,66
Steelers,Fort,L.J.,MLB,66
Steelers,Hawkins,Jerald,LG,66
Steelers,Jones,Landry,QB,66
Steelers,Toussaint,Fitzgerald,HB,66
Steelers,Allen,Brian,CB,65
Steelers,Mihalik,Brian,RT,65
Steelers,Rodgers,Jake,LT,65
Steelers,Adams,Keion,ROLB,64
Steelers,Johnson,David,TE,64
Steelers,Matakevich,Tyler,MLB,64
Steelers,Milton,Keavon,RT,64
Steelers,Shepherd,JaCorey,CB,64
Steelers,Ayers,DeMarcus,WR,62
Steelers,Cooper,Ethan,RG,62
Steelers,Friend,Kyle,C,62
Steelers,McGee,Jake,TE,62
Steelers,Kallon,Francis,RE,61
Steelers,Maxey,Johnny,DT,61
Steelers,Tucker,Marcus,WR,61
Steelers,Walton,L.T.,RE,61
Steelers,Hooks,Lavon,LE,60
Steelers,Kelsey Jr,Keith,MLB,60
Steelers,Holba,Colin,TE,47
Steelers,Canaday,Kameron,TE,42
Texans,Watt,J.J.,LE,98
Texans,Hopkins,DeAndre,WR,91
Texans,Mercilus,Whitney,ROLB,87
Texans,Brown,Duane,LT,86
Texans,Clowney,Jadeveon,LOLB,86
Texans,Miller,Lamar,HB,85
Texans,Joseph,Johnathan,CB,83
Texans,McKinney,Benardrick,MLB,82
Texans,Fiedorowicz,C.J.,TE,81
Texans,Prosch,Jay,FB,81
Texans,Johnson,Kevin,CB,80
Texans,Lechler,Shane,P,80
Texans,Novak,Nick,K,79
Texans,Cushing,Brian,MLB,78
Texans,Jackson,Kareem,CB,78
Texans,Mancz,Greg,C,78
Texans,Newton,Derek,RT,78
Texans,Gilchrist,Marcus,SS,77
Texans,Fuller V,Will,WR,76
Texans,Watson,Deshaun,QB,76
Texans,Blue,Alfred,HB,75
Texans,Moore,Sio,MLB,75
Texans,Hal,Andre,FS,74
Texans,Martin,Nick,C,74
Texans,Pleasant,Eddie,SS,74
Texans,Miller,Braxton,WR,73
Texans,Strong,Jaelen,WR,73
Texans,Allen,Jeff,RG,72
Texans,Clark,Chris,RT,72
Texans,Griffin,Ryan,TE,72
Texans,Savage,Tom,QB,72
Texans,Ellington,Bruce,WR,71
Texans,Fairbairn,Ka'imi,K,71
Texans,Foreman,D'Onta,HB,71
Texans,Su'a-Filo,Xavier,LG,71
Texans,Covington,Christian,RE,70
Texans,Cunningham,Zach,MLB,70
Texans,Davenport,Julie'n,RT,70
Texans,Moore,Corey,FS,70
Texans,Giacomini,Breno,RT,69
Texans,Hunt,Akeem,HB,69
Texans,Nelson Jr,Robert,CB,69
Texans,Reader,D.J.,DT,69
Texans,Drummond,Kurtis,FS,68
Texans,Dunn,Brandon,LE,68
Texans,Roberson,Marcus,CB,68
Texans,Watkins,Carlos,DT,68
Texans,Weeden,Brandon,QB,68
Texans,Ballentine,Lonnie,FS,67
Texans,DeCoud,Treston,CB,66
Texans,Lamm,Kendall,LT,66
Texans,Quessenberry,David,RG,66
Texans,Scarlett,Brennan,LOLB,66
Texans,Anderson,Stephen,TE,65
Texans,Dillon,K.J.,SS,65
Texans,Heath,Joel,RE,65
Texans,Ogunbowale,Dare,HB,65
Texans,Ervin,Tyler,HB,64
Texans,Gibson,Laurence,LT,64
Texans,McCarron,Riley,WR,64
Texans,Slade,Chad,LG,64
Texans,Street,Devin,WR,64
Texans,Anderson,Dres,WR,62
Texans,Fuller,Kyle,C,62
Texans,Rice,Denzel,CB,62
Texans,Virgin,Dee,CB,62
Texans,Walker,Josh,RG,62
Texans,Williams,Wendall,WR,62
Texans,Cole,Dylan,MLB,61
Texans,Peters,Brian,MLB,61
Texans,Pratt,Dayon,LOLB,61
Texans,Leak,Marcus,WR,59
Texans,Kamalu,Ufomba,LOLB,58
Texans,Weeks,Jon,TE,42
Titans,Walker,Delanie,TE,93
Titans,Murray,DeMarco,HB,91
Titans,Lewan,Taylor,LT,88
Titans,Casey,Jurrell,RE,86
Titans,Conklin,Jack,RT,86
Titans,Decker,Eric,WR,86
Titans,Ryan,Logan,CB,86
Titans,Orakpo,Brian,ROLB,85
Titans,Cyprien,Johnathan,FS,84
Titans,Jones,Ben,C,83
Titans,Matthews,Rishard,WR,82
Titans,Succop,Ryan,K,82
Titans,Woodyard,Wesley,MLB,82
Titans,Spain,Quinton,LG,81
Titans,Kline,Josh,RG,80
Titans,Klug,Karl,RE,80
Titans,Mariota,Marcus,QB,80
Titans,Davis,Corey,WR,79
Titans,Henry,Derrick,HB,79
Titans,Morgan,Derrick,LOLB,79
Titans,Williamson,Avery,MLB,79
Titans,Fowler,Jalston,FB,78
Titans,Jones,DaQuan,LE,78
Titans,Kern,Brett,P,78
Titans,McCain,Brice,CB,78
Titans,Taylor,Taywan,WR,77
Titans,Walden,Erik,LOLB,77
Titans,Byard,Kevin,FS,76
Titans,Searcy,Da'Norris,SS,76
Titans,Sharpe,Tajae,WR,76
Titans,Amaro,Jace,TE,75
Titans,Jackson,Adoree',CB,74
Titans,Smith,Jonnu,TE,74
Titans,Dodd,Kevin,ROLB,73
Titans,Douglas,Harry,WR,73
Titans,Williams,Sylvester,DT,72
Titans,Supernaw,Phillip,TE,71
Titans,Gay,Jordan,K,70
Titans,Johnson,Austin,DT,70
Titans,Lelito,Tim,C,70
Titans,Cassel,Matt,QB,69
Titans,Weems,Eric,WR,69
Titans,Kelly,Dennis,LT,68
Titans,Sims,LeShaun,CB,68
Titans,Trawick,Brynden,SS,68
Titans,Levin,Corey,RG,67
Titans,Muhammad,Khalfani,HB,67
Titans,Smith,D'Joun,CB,67
Titans,Brown,DeAngelo,DT,66
Titans,Cunningham,Jerome,TE,66
Titans,Hurst,Demontre,FS,66
Titans,Palmer,Nate,MLB,66
Titans,McBride III,Tre,WR,65
Titans,Seaton,Brad,RT,65
Titans,Brown,Jayon,MLB,64
Titans,Carraway,Josh,ROLB,64
Titans,Reed,Kalan,CB,64
Titans,Wallace,Aaron,LOLB,64
Titans,Blackson,Angelo,LE,63
Titans,Moore,Steven,RT,63
Titans,Bates,Daren,MLB,62
Titans,Fluellen,David,HB,61
Titans,Jennings,Darius,WR,61
Titans,Johnson,Denzel,SS,61
Titans,Matias,Josue,RG,61
Titans,Ochi,Victor,LOLB,61
Titans,Riley,Curtis,FS,61
Titans,Tanney,Alex,QB,61
Titans,Abdesmad,Mehdi,LE,60
Titans,Boykins,Jeremy,CB,59
Titans,Staples,Justin,LOLB,59
Titans,Krause,Jonathan,WR,58
Titans,Staten IV,Jimmy,RE,58
Titans,Brinkley,Beau,TE,46
Vikings,Smith,Harrison,FS,93
Vikings,Rhodes,Xavier,CB,88
Vikings,Joseph,Linval,DT,87
Vikings,Diggs,Stefon,WR,86
Vikings,Griffen,Everson,RE,86
Vikings,Hunter,Danielle,LE,86
Vikings,Newman,Terence,CB,85
Vikings,Rudolph,Kyle,TE,85
Vikings,Murray,Latavius,HB,84
Vikings,Berger,Joe,RG,83
Vikings,Bradford,Sam,QB,83
Vikings,Floyd,Sharrif,DT,83
Vikings,Thielen,Adam,WR,81
Vikings,Barr,Anthony,LOLB,80
Vikings,Cook,Dalvin,HB,80
Vikings,Kendricks,Eric,MLB,80
Vikings,McKinnon,Jerick,HB,80
Vikings,Robison,Brian,LE,80
Vikings,Boone,Alex,LG,79
Vikings,Bridgewater,Teddy,QB,79
Vikings,Sendejo,Andrew,SS,78
Vikings,Forbath,Kai,K,77
Vikings,Jones,Datone,RE,76
Vikings,Quigley,Ryan,P,76
Vikings,Floyd,Michael,WR,75
Vikings,Waynes,Trae,CB,75
Vikings,Alexander,Mackensie,CB,73
Vikings,Elflein,Pat,C,73
Vikings,Keenum,Case,QB,73
Vikings,Remmers,Mike,RT,73
Vikings,Treadwell,Laquon,WR,73
Vikings,Wright,Jarius,WR,73
Vikings,Lamur,Emmanuel,ROLB,72
Vikings,Sankey,Bishop,HB,72
Vikings,Exum Jr,Antone,FS,71
Vikings,Hodges,Bucky,TE,71
Vikings,Johnson,Tom,DT,71
Vikings,Reiff,Riley,LT,71
Vikings,Sherels,Marcus,CB,70
Vikings,Sutton,Will,DT,70
Vikings,Beavers,Willie,RG,69
Vikings,Johnson,Jaleel,DT,69
Vikings,Adams,Rodney,WR,68
Vikings,Clemmings,T.J.,LT,68
Vikings,Isidora,Danny,RG,68
Vikings,Sirles,Jeremiah,RT,68
Vikings,Harris,Anthony,FS,67
Vikings,Morgan II,David,TE,67
Vikings,Brothers,Kentrell,ROLB,66
Vikings,Coley,Stacy,WR,66
Vikings,Collins,Aviante,RT,65
Vikings,Fragel,Reid,LT,65
Vikings,Gedeon,Ben,MLB,65
Vikings,Hill,Bronson,HB,65
Vikings,Lee,Elijah,ROLB,65
Vikings,Odenigbo,Ifeadi,RE,65
Vikings,Price,Jabari,CB,65
Vikings,Stephen,Shamar,DT,65
Vikings,Hill,Rashod,LT,64
Vikings,Kearse,Jayron,SS,64
Vikings,Weatherly,Stephen,RE,64
Vikings,Shepherd,Austin,LG,63
Vikings,Tocho,Jack,SS,63
Vikings,Boehringer,Moritz,WR,62
Vikings,Bower,Tashawn,LE,62
Vikings,Easton,Nick,C,62
Vikings,Kerin,Zac,LG,62
Vikings,McCaskill,Sam,LE,61
Vikings,Shelton,R.J.,WR,61
Vikings,Wilson,Eric,LOLB,61
Vikings,Heinicke,Taylor,QB,58
Vikings,Carter,Kyle,TE,57
Vikings,Robinson,Edmond,LOLB,57
Vikings,McDermott,Kevin,TE,50